{"type": "FeatureCollection", "features": [{"type": "Feature", "properties": {"region": "那覇", "prefecture": "沖縄県"}, "geometry": {"type": "Polygon", "coordinates": [[[127.67668, 26.24549], [127.67989, 26.24431], [127.681, 26.24391], [127.68282, 26.24327], [127.68508, 26.24258], [127.68882, 26.24232], [127.69076, 26.24107], [127.69605, 26.23977], [127.69781, 26.23675], [127.70093, 26.23712], [127.70158, 26.23509], [127.70337, 26.23484], [127.70404, 26.23349], [127.70635, 26.23461], [127.70869, 26.23339], [127.7153, 26.23392], [127.71667, 26.23329], [127.72034, 26.23362], [127.72586, 26.23344], [127.72729, 26.23468], [127.73009, 26.23566], [127.73281, 26.23728], [127.73423, 26.23511], [127.7351, 26.23613], [127.73836, 26.23634], [127.7386, 26.23374], [127.73812, 26.2316], [127.73568, 26.23012], [127.73319, 26.2265], [127.73621, 26.22467], [127.73593, 26.21781], [127.73356, 26.21817], [127.7319, 26.21667], [127.72748, 26.21509], [127.72583, 26.21223], [127.72527, 26.21247], [127.72262, 26.21005], [127.72249, 26.20436], [127.72279, 26.20319], [127.72161, 26.19843], [127.71823, 26.19582], [127.71641, 26.19625], [127.71318, 26.1959], [127.71318, 26.19511], [127.71007, 26.19189], [127.70774, 26.19032], [127.70388, 26.19132], [127.7011, 26.1943], [127.69932, 26.19553], [127.69659, 26.19606], [127.69296, 26.19433], [127.68974, 26.19435], [127.68796, 26.19519], [127.68324, 26.19843], [127.68208, 26.19646], [127.68082, 26.1908], [127.6818, 26.18955], [127.67943, 26.18758], [127.67364, 26.18507], [127.67256, 26.18332], [127.67085, 26.18216], [127.66893, 26.1819], [127.66735, 26.18329], [127.66581, 26.18186], [127.66448, 26.18294], [127.66134, 26.18084], [127.6602, 26.17905], [127.65634, 26.17787], [127.65525, 26.17667], [127.65324, 26.17643], [127.64383, 26.17742], [127.64421, 26.17808], [127.64373, 26.18855], [127.6423, 26.18968], [127.63958, 26.19298], [127.63796, 26.19719], [127.6365, 26.19871], [127.64106, 26.2018], [127.63579, 26.2016], [127.63509, 26.20039], [127.63613, 26.17835], [127.63602, 26.17824], [127.63118, 26.17875], [127.63179, 26.18195], [127.63091, 26.2004], [127.63046, 26.20618], [127.63388, 26.20632], [127.63396, 26.20445], [127.63495, 26.20361], [127.64187, 26.20389], [127.64253, 26.20708], [127.64049, 26.20743], [127.64224, 26.20851], [127.64415, 26.2115], [127.64536, 26.21158], [127.64678, 26.21468], [127.64887, 26.21667], [127.65312, 26.2177], [127.6553, 26.21482], [127.65759, 26.21352], [127.66316, 26.21324], [127.66579, 26.20955], [127.66983, 26.20767], [127.67117, 26.20523], [127.67316, 26.20656], [127.67113, 26.20833], [127.67392, 26.2073], [127.67433, 26.20918], [127.66649, 26.21126], [127.66484, 26.21466], [127.66278, 26.21589], [127.66172, 26.21733], [127.66351, 26.21984], [127.66215, 26.22069], [127.66511, 26.22155], [127.66653, 26.22071], [127.66658, 26.22187], [127.66828, 26.22225], [127.66836, 26.22102], [127.67092, 26.22095], [127.67236, 26.22178], [127.6716, 26.22369], [127.67392, 26.22351], [127.67608, 26.22477], [127.67674, 26.22425], [127.67929, 26.22587], [127.68188, 26.22527], [127.68323, 26.22376], [127.68403, 26.22585], [127.68105, 26.22656], [127.68089, 26.22947], [127.67939, 26.22946], [127.67862, 26.22766], [127.67802, 26.23021], [127.68035, 26.23069], [127.68003, 26.23615], [127.67939, 26.2364], [127.6794, 26.2402], [127.67809, 26.2402], [127.67809, 26.2365], [127.67709, 26.23652], [127.67709, 26.2402], [127.67509, 26.2402], [127.67508, 26.23614], [127.67367, 26.23228], [127.66708, 26.23228], [127.66715, 26.23769], [127.66907, 26.23861], [127.67226, 26.23862], [127.67218, 26.24108], [127.67053, 26.24109], [127.67054, 26.24244], [127.66922, 26.2436], [127.66739, 26.2436], [127.66716, 26.24451], [127.66863, 26.2461], [127.67497, 26.2461], [127.67668, 26.24549]]]}}, {"type": "Feature", "properties": {"region": "北部", "prefecture": "沖縄県"}, "geometry": {"type": "MultiPolygon", "coordinates": [[[[127.86155, 26.65299], [127.8665, 26.65393], [127.86858, 26.65359], [127.87146, 26.65207], [127.87401, 26.64855], [127.87285, 26.64684], [127.87076, 26.6407], [127.8665, 26.63753], [127.86363, 26.63388], [127.86232, 26.62953], [127.86012, 26.6291], [127.85799, 26.63208], [127.85944, 26.63556], [127.85932, 26.6387], [127.85696, 26.64147], [127.85569, 26.6443], [127.85573, 26.64433], [127.85482, 26.64838], [127.85801, 26.65136], [127.86155, 26.65299]]], [[[127.81305, 26.64521], [127.81483, 26.64587], [127.81543, 26.64805], [127.81356, 26.64866], [127.81173, 26.64661], [127.81033, 26.64652], [127.81032, 26.64823], [127.81273, 26.65061], [127.81523, 26.6512], [127.81755, 26.65025], [127.82058, 26.6473], [127.82117, 26.64475], [127.81745, 26.64397], [127.81305, 26.64521]]], [[[127.99343, 26.6504], [127.99214, 26.64935], [127.99101, 26.65102], [127.99242, 26.65136], [127.99343, 26.6504]]], [[[127.89892, 26.60508], [127.89492, 26.60655], [127.89354, 26.6125], [127.89501, 26.6135], [127.89449, 26.61468], [127.89012, 26.61945], [127.88877, 26.62349], [127.88687, 26.62526], [127.88689, 26.62879], [127.88613, 26.63197], [127.88236, 26.6369], [127.88028, 26.63627], [127.87894, 26.64089], [127.88013, 26.64116], [127.87988, 26.64529], [127.87878, 26.64655], [127.8806, 26.6507], [127.87897, 26.65409], [127.88573, 26.65953], [127.88843, 26.65962], [127.88968, 26.65892], [127.89318, 26.65926], [127.89497, 26.66049], [127.89193, 26.66059], [127.88983, 26.6613], [127.89055, 26.66388], [127.88904, 26.67245], [127.88796, 26.67464], [127.88547, 26.67638], [127.88559, 26.67444], [127.8835, 26.67596], [127.885, 26.67734], [127.88391, 26.67885], [127.88216, 26.67829], [127.88206, 26.6798], [127.87677, 26.68351], [127.87462, 26.6843], [127.87368, 26.68825], [127.87429, 26.69207], [127.87814, 26.69717], [127.87668, 26.69826], [127.87665, 26.70016], [127.87867, 26.69981], [127.88019, 26.70357], [127.8802, 26.70663], [127.87958, 26.70894], [127.88004, 26.70987], [127.88489, 26.70831], [127.88687, 26.70597], [127.88949, 26.70409], [127.89264, 26.70401], [127.89373, 26.70262], [127.89667, 26.70159], [127.90088, 26.70171], [127.9038, 26.699], [127.90878, 26.69943], [127.91067, 26.70192], [127.91499, 26.70318], [127.91662, 26.70204], [127.91825, 26.70207], [127.92566, 26.70257], [127.92581, 26.70426], [127.93142, 26.70447], [127.93182, 26.70336], [127.93368, 26.70293], [127.93475, 26.70391], [127.9373, 26.70398], [127.93837, 26.70506], [127.94001, 26.70493], [127.94281, 26.706], [127.94768, 26.70611], [127.94872, 26.7081], [127.95239, 26.70827], [127.95896, 26.70719], [127.96146, 26.70542], [127.9647, 26.70465], [127.96605, 26.70337], [127.96843, 26.70273], [127.96983, 26.70305], [127.96949, 26.70049], [127.96768, 26.69983], [127.9662, 26.69801], [127.96725, 26.69582], [127.97136, 26.69397], [127.97259, 26.69458], [127.9717, 26.69605], [127.97206, 26.69741], [127.97945, 26.69689], [127.97941, 26.69571], [127.982, 26.69422], [127.9915, 26.69184], [127.9995, 26.69074], [127.9999, 26.68982], [128.00576, 26.68776], [128.0084, 26.68548], [128.00821, 26.68314], [128.00588, 26.68153], [128.00386, 26.68123], [127.99991, 26.6778], [127.99806, 26.67801], [127.9956, 26.67365], [127.99348, 26.67226], [127.9928, 26.6703], [127.99426, 26.66793], [127.99253, 26.66644], [127.99327, 26.66365], [127.99082, 26.66155], [127.99112, 26.65937], [127.98959, 26.65598], [127.9888, 26.65536], [127.9904, 26.65336], [127.99057, 26.65145], [127.98804, 26.65174], [127.98453, 26.65075], [127.98345, 26.65234], [127.98227, 26.65255], [127.9833, 26.64973], [127.98287, 26.64904], [127.98573, 26.64714], [127.98865, 26.64667], [127.99029, 26.64699], [127.99905, 26.64318], [128.00166, 26.64071], [128.00372, 26.63784], [128.00392, 26.63676], [128.0023, 26.63443], [128.0029, 26.63321], [128.00668, 26.63063], [128.00873, 26.63027], [128.01325, 26.63244], [128.01357, 26.63166], [128.02342, 26.62836], [128.02449, 26.62741], [128.02731, 26.62868], [128.03112, 26.6311], [128.03156, 26.63261], [128.03449, 26.63413], [128.03333, 26.63608], [128.03735, 26.63576], [128.03955, 26.63663], [128.04229, 26.63623], [128.04896, 26.63437], [128.05201, 26.63491], [128.05594, 26.63678], [128.0594, 26.63782], [128.06338, 26.64083], [128.06742, 26.64272], [128.06927, 26.64294], [128.07134, 26.64427], [128.07421, 26.64414], [128.07964, 26.64452], [128.08039, 26.64587], [128.0822, 26.64628], [128.08407, 26.64794], [128.08402, 26.64964], [128.08802, 26.65055], [128.08895, 26.65243], [128.0911, 26.65396], [128.09247, 26.65663], [128.09715, 26.66218], [128.1, 26.66086], [128.10203, 26.66226], [128.10304, 26.66419], [128.10722, 26.66236], [128.10832, 26.66261], [128.10881, 26.6644], [128.11046, 26.66601], [128.11117, 26.66797], [128.11229, 26.6684], [128.11273, 26.66538], [128.11342, 26.66473], [128.11313, 26.66206], [128.11041, 26.66031], [128.11124, 26.65932], [128.11477, 26.66103], [128.11516, 26.66335], [128.11672, 26.66083], [128.11659, 26.65943], [128.11975, 26.6591], [128.12317, 26.66011], [128.1246, 26.66178], [128.12201, 26.66344], [128.12312, 26.6652], [128.12136, 26.66785], [128.11673, 26.66973], [128.11478, 26.66992], [128.11387, 26.67157], [128.11157, 26.67112], [128.11032, 26.67209], [128.10827, 26.67214], [128.10714, 26.66893], [128.10492, 26.67046], [128.10475, 26.67308], [128.10292, 26.67532], [128.09899, 26.67736], [128.09823, 26.67918], [128.09883, 26.68095], [128.10313, 26.6849], [128.1061, 26.68843], [128.1067, 26.68987], [128.11267, 26.69553], [128.11451, 26.69818], [128.11468, 26.69987], [128.11767, 26.70331], [128.11944, 26.70364], [128.12443, 26.70293], [128.12871, 26.70434], [128.13319, 26.70467], [128.14131, 26.7077], [128.14488, 26.70978], [128.14668, 26.71335], [128.15466, 26.71782], [128.15614, 26.71872], [128.15795, 26.72143], [128.15991, 26.72341], [128.16051, 26.72606], [128.16039, 26.7305], [128.15759, 26.73724], [128.15553, 26.74025], [128.15353, 26.7413], [128.15212, 26.74052], [128.15058, 26.74127], [128.15206, 26.74477], [128.15304, 26.74591], [128.15425, 26.74518], [128.1564, 26.74553], [128.15692, 26.74323], [128.16007, 26.74279], [128.16514, 26.74338], [128.17488, 26.74806], [128.18119, 26.7486], [128.18366, 26.74957], [128.18762, 26.75385], [128.18952, 26.76069], [128.1923, 26.76308], [128.19567, 26.76472], [128.19858, 26.76763], [128.19907, 26.76616], [128.20217, 26.76591], [128.20393, 26.76686], [128.20512, 26.7694], [128.20441, 26.77292], [128.20464, 26.77531], [128.20564, 26.77521], [128.2092, 26.77696], [128.21126, 26.77859], [128.2135, 26.78124], [128.21758, 26.78411], [128.21882, 26.78434], [128.22062, 26.7871], [128.22354, 26.78904], [128.22468, 26.79229], [128.22514, 26.79543], [128.22624, 26.79723], [128.22808, 26.7977], [128.23128, 26.79739], [128.23235, 26.79959], [128.23067, 26.80182], [128.23087, 26.80492], [128.2337, 26.80806], [128.23424, 26.81228], [128.23748, 26.81661], [128.23933, 26.82036], [128.2429, 26.82309], [128.24406, 26.82532], [128.24311, 26.8271], [128.24388, 26.82794], [128.24441, 26.83088], [128.24587, 26.83104], [128.2484, 26.83538], [128.24915, 26.8374], [128.25237, 26.83983], [128.25334, 26.84276], [128.25369, 26.84746], [128.2528, 26.85141], [128.25162, 26.85179], [128.24992, 26.85375], [128.2463, 26.85475], [128.24409, 26.85916], [128.24448, 26.86162], [128.24661, 26.86788], [128.25033, 26.87123], [128.25125, 26.87064], [128.25457, 26.87375], [128.25752, 26.87572], [128.26058, 26.87456], [128.26348, 26.87421], [128.26587, 26.87211], [128.2631, 26.87147], [128.26167, 26.86849], [128.26195, 26.86644], [128.26419, 26.86439], [128.26589, 26.86408], [128.2681, 26.86199], [128.26847, 26.86036], [128.27055, 26.85875], [128.27156, 26.85923], [128.27363, 26.85774], [128.27846, 26.85575], [128.28003, 26.85658], [128.28125, 26.8545], [128.28032, 26.8515], [128.28289, 26.84985], [128.28414, 26.84808], [128.28681, 26.84678], [128.28847, 26.84733], [128.28978, 26.84639], [128.28939, 26.84457], [128.29017, 26.84168], [128.29267, 26.8415], [128.29558, 26.84258], [128.29517, 26.84408], [128.29768, 26.84622], [128.30388, 26.846], [128.30654, 26.84343], [128.30486, 26.84141], [128.30642, 26.83923], [128.30596, 26.83748], [128.30664, 26.83554], [128.30507, 26.83312], [128.30462, 26.83062], [128.3067, 26.82713], [128.30738, 26.82733], [128.3087, 26.82493], [128.31275, 26.82184], [128.31639, 26.82088], [128.3156, 26.81945], [128.31722, 26.8151], [128.32021, 26.81235], [128.31993, 26.81171], [128.31824, 26.80975], [128.31784, 26.80603], [128.31954, 26.79901], [128.32128, 26.79772], [128.32167, 26.79559], [128.31889, 26.79413], [128.31736, 26.79427], [128.31664, 26.79177], [128.31881, 26.79123], [128.32062, 26.78864], [128.32272, 26.78894], [128.32366, 26.78752], [128.32334, 26.78545], [128.32607, 26.78236], [128.32594, 26.7776], [128.32593, 26.77759], [128.32487, 26.77471], [128.32352, 26.77318], [128.32245, 26.77239], [128.32245, 26.76986], [128.3245, 26.76843], [128.32552, 26.76533], [128.3238, 26.76423], [128.32256, 26.76135], [128.32288, 26.75922], [128.32118, 26.75661], [128.32396, 26.75418], [128.32535, 26.75407], [128.32725, 26.75639], [128.32663, 26.75244], [128.3268, 26.74924], [128.3251, 26.74823], [128.32329, 26.74855], [128.32008, 26.74626], [128.31895, 26.74386], [128.31786, 26.74326], [128.31891, 26.74042], [128.32045, 26.74051], [128.3186, 26.73846], [128.31813, 26.73668], [128.3189, 26.73482], [128.31248, 26.73306], [128.30631, 26.72991], [128.30577, 26.72834], [128.30677, 26.72749], [128.30629, 26.72601], [128.30224, 26.72095], [128.30016, 26.72115], [128.29574, 26.71956], [128.29358, 26.7172], [128.29508, 26.71505], [128.29794, 26.71583], [128.29948, 26.71217], [128.29803, 26.70981], [128.29601, 26.7108], [128.29133, 26.70863], [128.29053, 26.706], [128.29355, 26.70278], [128.29402, 26.70158], [128.29149, 26.70104], [128.29054, 26.69896], [128.28851, 26.69889], [128.28793, 26.6969], [128.28652, 26.69628], [128.28475, 26.6977], [128.28164, 26.69682], [128.2833, 26.69417], [128.28308, 26.69302], [128.27989, 26.69185], [128.28013, 26.68765], [128.27878, 26.6858], [128.27957, 26.68471], [128.27913, 26.68268], [128.27785, 26.68166], [128.27932, 26.67895], [128.27915, 26.6769], [128.27817, 26.67513], [128.27665, 26.67468], [128.2745, 26.67232], [128.274, 26.67084], [128.2717, 26.67105], [128.26938, 26.67013], [128.2682, 26.6687], [128.26471, 26.66776], [128.26527, 26.66474], [128.26326, 26.66121], [128.26384, 26.65929], [128.26135, 26.65943], [128.25945, 26.65736], [128.2568, 26.65985], [128.2551, 26.65423], [128.25229, 26.65329], [128.25088, 26.65075], [128.25263, 26.64809], [128.25138, 26.64732], [128.25204, 26.64596], [128.2502, 26.64331], [128.24754, 26.64366], [128.24657, 26.64307], [128.24574, 26.64082], [128.24573, 26.64081], [128.24395, 26.64042], [128.24344, 26.63935], [128.24455, 26.63839], [128.24318, 26.63681], [128.24068, 26.63674], [128.24045, 26.6344], [128.23943, 26.63488], [128.23916, 26.63321], [128.23538, 26.63052], [128.23208, 26.63068], [128.23158, 26.63161], [128.22803, 26.63114], [128.2261, 26.62997], [128.22445, 26.63033], [128.22319, 26.62871], [128.22096, 26.62958], [128.21685, 26.62913], [128.21356, 26.62673], [128.20929, 26.62626], [128.20493, 26.62528], [128.20261, 26.6259], [128.2012, 26.6247], [128.20033, 26.62601], [128.19433, 26.62481], [128.1887, 26.62488], [128.18388, 26.62405], [128.18127, 26.62439], [128.17446, 26.62664], [128.1731, 26.62774], [128.16969, 26.62831], [128.16319, 26.62863], [128.15939, 26.63088], [128.15689, 26.63029], [128.15177, 26.63038], [128.14804, 26.62936], [128.14676, 26.62729], [128.14539, 26.62233], [128.14667, 26.62111], [128.14898, 26.61691], [128.14949, 26.61441], [128.15089, 26.61359], [128.1524, 26.61405], [128.15521, 26.60819], [128.15493, 26.60551], [128.15333, 26.60479], [128.15298, 26.60301], [128.15139, 26.6017], [128.15097, 26.60011], [128.15156, 26.59743], [128.14709, 26.59831], [128.14542, 26.59816], [128.14154, 26.59959], [128.14055, 26.60117], [128.13913, 26.60125], [128.1381, 26.59946], [128.13577, 26.59973], [128.13491, 26.60117], [128.13133, 26.60061], [128.12804, 26.60175], [128.12727, 26.60276], [128.12423, 26.60299], [128.12413, 26.60214], [128.12608, 26.59791], [128.12721, 26.59658], [128.12859, 26.59264], [128.13117, 26.59022], [128.13412, 26.58949], [128.13592, 26.58709], [128.13761, 26.58605], [128.13754, 26.58499], [128.13936, 26.58072], [128.1418, 26.57611], [128.14497, 26.57181], [128.14765, 26.57073], [128.15109, 26.5685], [128.15053, 26.5677], [128.14821, 26.56865], [128.14438, 26.56841], [128.14351, 26.56759], [128.14094, 26.56811], [128.13757, 26.56598], [128.13745, 26.56486], [128.13892, 26.56213], [128.13956, 26.55508], [128.13859, 26.55353], [128.13671, 26.5548], [128.13333, 26.5557], [128.1297, 26.55469], [128.12604, 26.55523], [128.12058, 26.55364], [128.11622, 26.55147], [128.11082, 26.55107], [128.10776, 26.5496], [128.10605, 26.54768], [128.10331, 26.54623], [128.10041, 26.54326], [128.10197, 26.5406], [128.10164, 26.53896], [128.09926, 26.53984], [128.09667, 26.54158], [128.09423, 26.54131], [128.09242, 26.53892], [128.09278, 26.53662], [128.09533, 26.53471], [128.093, 26.53479], [128.09104, 26.53651], [128.08768, 26.53659], [128.08774, 26.53754], [128.08517, 26.53946], [128.08111, 26.54113], [128.08004, 26.54347], [128.07721, 26.5463], [128.07292, 26.54893], [128.0687, 26.54908], [128.06705, 26.55062], [128.06366, 26.55157], [128.06051, 26.55168], [128.05909, 26.5508], [128.05652, 26.55132], [128.05368, 26.54936], [128.05319, 26.548], [128.05012, 26.54746], [128.05003, 26.54876], [128.04622, 26.54855], [128.0444, 26.5477], [128.04183, 26.55037], [128.04192, 26.55393], [128.04361, 26.55696], [128.04271, 26.55916], [128.04141, 26.55869], [128.04209, 26.55551], [128.03856, 26.55192], [128.03542, 26.55174], [128.03437, 26.55379], [128.03358, 26.55209], [128.03976, 26.54245], [128.04133, 26.54149], [128.04187, 26.53864], [128.04408, 26.53738], [128.04597, 26.532], [128.04642, 26.52891], [128.04825, 26.52636], [128.04997, 26.52518], [128.05066, 26.52589], [128.05302, 26.52037], [128.05089, 26.52108], [128.04772, 26.52074], [128.03927, 26.52078], [128.03353, 26.51885], [128.03109, 26.51991], [128.0311, 26.51831], [128.03317, 26.51664], [128.03241, 26.51345], [128.03092, 26.51213], [128.0283, 26.5119], [128.02543, 26.5108], [128.024, 26.51138], [128.02073, 26.51116], [128.01783, 26.51153], [128.01514, 26.51295], [128.01212, 26.51302], [128.01107, 26.51461], [128.0076, 26.51356], [128.00512, 26.51112], [128.00497, 26.50926], [128.00647, 26.50826], [128.00679, 26.50645], [128.00321, 26.50541], [128.00001, 26.50985], [127.99766, 26.50969], [127.99649, 26.51128], [127.99703, 26.51417], [127.99538, 26.51578], [127.99377, 26.5153], [127.99215, 26.51847], [127.98928, 26.51778], [127.98373, 26.51894], [127.97938, 26.52072], [127.97747, 26.52251], [127.97707, 26.52398], [127.97866, 26.52517], [127.97853, 26.52761], [127.97599, 26.52822], [127.97476, 26.52957], [127.97369, 26.5279], [127.97354, 26.52289], [127.97101, 26.52263], [127.96882, 26.52336], [127.96656, 26.52316], [127.96373, 26.52107], [127.96241, 26.51857], [127.96027, 26.51862], [127.95842, 26.5173], [127.95925, 26.51411], [127.95681, 26.51234], [127.95374, 26.5109], [127.94988, 26.51229], [127.94797, 26.51222], [127.94693, 26.51109], [127.94397, 26.51165], [127.94097, 26.51019], [127.93963, 26.51339], [127.93722, 26.51645], [127.93633, 26.51917], [127.93748, 26.52073], [127.93767, 26.5226], [127.93594, 26.5255], [127.93474, 26.52613], [127.93378, 26.52891], [127.93146, 26.52968], [127.93074, 26.53117], [127.92926, 26.53145], [127.92826, 26.53339], [127.93062, 26.53322], [127.93435, 26.53859], [127.93417, 26.54113], [127.93204, 26.54219], [127.93305, 26.54368], [127.93718, 26.54167], [127.93651, 26.53841], [127.9394, 26.53625], [127.94176, 26.53579], [127.94591, 26.53722], [127.94829, 26.53914], [127.95148, 26.54275], [127.95156, 26.54501], [127.95249, 26.54466], [127.95634, 26.54623], [127.95636, 26.54623], [127.9583, 26.54648], [127.96023, 26.54478], [127.95988, 26.54142], [127.96229, 26.54071], [127.96201, 26.54224], [127.9643, 26.54156], [127.96503, 26.54552], [127.96649, 26.54817], [127.96686, 26.55063], [127.96827, 26.5522], [127.97014, 26.55295], [127.97233, 26.5559], [127.97597, 26.55897], [127.98027, 26.56646], [127.98093, 26.57149], [127.98341, 26.57478], [127.98342, 26.58083], [127.983, 26.58496], [127.97993, 26.58834], [127.97912, 26.58654], [127.97844, 26.5881], [127.97394, 26.59006], [127.97332, 26.5892], [127.9721, 26.59052], [127.96979, 26.59127], [127.96843, 26.59082], [127.96622, 26.59153], [127.96507, 26.59098], [127.9589, 26.59438], [127.95543, 26.59526], [127.95231, 26.59662], [127.95213438292194, 26.597687211474316], [127.95069, 26.59824], [127.94707, 26.60116], [127.94358, 26.60281], [127.94046, 26.60149], [127.93783, 26.60309], [127.93661, 26.60276], [127.93371, 26.60404], [127.9291, 26.60811], [127.92678, 26.60869], [127.9207, 26.6093], [127.91871, 26.60787], [127.91705, 26.60374], [127.91443, 26.60157], [127.91278, 26.60104], [127.90739, 26.60231], [127.9023, 26.60398], [127.90017, 26.60562], [127.89892, 26.60508]], [[127.95192, 26.59899], [127.95303, 26.59976], [127.95063, 26.60016], [127.95209094282849, 26.597951193580737], [127.95192, 26.59899]]], [[[127.87791, 26.71156], [127.87792, 26.71156], [127.87841, 26.7112], [127.87789, 26.71156], [127.87791, 26.71156]]], [[[127.82031, 26.73081], [127.82138, 26.7283], [127.82663, 26.72606], [127.8289, 26.72411], [127.83078, 26.721], [127.83128, 26.71711], [127.83027, 26.71405], [127.82865, 26.71189], [127.8285, 26.71044], [127.82617, 26.70942], [127.8219, 26.70892], [127.81319, 26.70694], [127.81098, 26.70692], [127.81058, 26.70608], [127.80602, 26.70575], [127.80382, 26.70509], [127.80338, 26.70706], [127.80075, 26.70714], [127.79978, 26.70808], [127.79717, 26.70802], [127.79729, 26.70894], [127.79525, 26.70946], [127.79509, 26.70849], [127.79269, 26.70967], [127.78604, 26.70995], [127.78055, 26.7095], [127.77619, 26.70839], [127.77212, 26.70875], [127.76319, 26.70826], [127.75743, 26.70913], [127.75543, 26.71009], [127.75334, 26.71197], [127.75017, 26.71629], [127.74903, 26.72106], [127.74908, 26.72303], [127.752, 26.72882], [127.75235, 26.73296], [127.75441, 26.73517], [127.76034, 26.73773], [127.76904, 26.73702], [127.77657, 26.73387], [127.77795, 26.73495], [127.78402, 26.73326], [127.78583, 26.73403], [127.78845, 26.73334], [127.79221, 26.73365], [127.79474, 26.73442], [127.79591, 26.73575], [127.80445, 26.7386], [127.80791, 26.73918], [127.81106, 26.73815], [127.81583, 26.73409], [127.81871, 26.73284], [127.82031, 26.73081]]], [[[127.92724, 26.90071], [127.92631, 26.89785], [127.92783, 26.89532], [127.93214, 26.89501], [127.93374, 26.89451], [127.9308, 26.89176], [127.929, 26.89153], [127.92642, 26.89312], [127.92114, 26.89439], [127.92193, 26.89694], [127.9204, 26.90204], [127.9222, 26.90249], [127.92576, 26.90245], [127.92773, 26.90139], [127.92967, 26.90178], [127.92848, 26.90041], [127.92724, 26.90071]]], [[[127.95035, 26.94822], [127.95555, 26.94571], [127.95671, 26.94329], [127.95716, 26.93507], [127.95541, 26.93413], [127.95437, 26.92988], [127.95319, 26.92867], [127.95088, 26.92874], [127.95045, 26.92588], [127.95141, 26.92575], [127.95021, 26.92398], [127.95034, 26.92194], [127.95149, 26.92054], [127.95175, 26.91735], [127.95299, 26.91666], [127.95399, 26.91441], [127.95073, 26.91325], [127.9487, 26.91367], [127.94427, 26.9133], [127.94241, 26.91209], [127.93892, 26.91189], [127.93722, 26.91403], [127.93466, 26.91443], [127.93104, 26.91353], [127.93014, 26.9138], [127.92635, 26.91789], [127.92347, 26.91797], [127.92142, 26.91912], [127.92095, 26.92049], [127.91867, 26.92233], [127.92005, 26.92427], [127.92111, 26.92993], [127.92212, 26.93121], [127.92049, 26.93397], [127.92175, 26.93556], [127.92048, 26.93623], [127.9179, 26.9351], [127.91382, 26.93458], [127.91186, 26.9369], [127.91315, 26.93818], [127.91673, 26.94428], [127.91656, 26.94578], [127.91974, 26.94793], [127.92301, 26.94807], [127.92464, 26.94978], [127.93102, 26.95121], [127.93548, 26.95295], [127.93761, 26.9557], [127.94044, 26.95362], [127.94542, 26.95184], [127.9456, 26.95062], [127.94746, 26.95106], [127.95035, 26.94822]]], [[[127.95444, 26.9767], [127.95489, 26.97573], [127.95778, 26.97573], [127.95951, 26.97484], [127.95755, 26.97373], [127.95434, 26.97339], [127.94853, 26.9734], [127.94457, 26.97664], [127.94242, 26.97583], [127.94166, 26.97722], [127.94451, 26.97786], [127.9476, 26.97727], [127.94779, 26.97798], [127.94777, 26.97724], [127.95142, 26.97699], [127.95285, 26.97631], [127.95444, 26.9767]]], [[[127.92488, 26.99315], [127.9207, 26.98925], [127.91587, 26.99131], [127.91429, 26.99251], [127.91274, 26.99524], [127.91356, 26.99743], [127.91444, 26.99652], [127.91896, 26.99832], [127.92059, 26.99974], [127.92149, 26.9995], [127.9231, 27.00103], [127.9242, 27.00082], [127.92755, 26.99877], [127.92963, 26.99845], [127.92651, 26.99734], [127.92525, 26.99582], [127.92488, 26.99315]]], [[[128.01585, 27.08902], [128.00874, 27.08239], [128.0082, 27.08011], [128.0056, 27.07991], [128.00276, 27.07708], [128.00275, 27.07566], [128.00118, 27.07475], [127.99936, 27.06864], [127.99741, 27.06756], [127.99667, 27.06421], [127.99738, 27.06191], [127.99887, 27.06141], [127.99698, 27.0571], [127.99575, 27.05207], [127.99153, 27.04508], [127.99136, 27.04423], [127.98706, 27.04238], [127.98296, 27.04012], [127.98032, 27.04011], [127.97891, 27.04144], [127.97586, 27.04103], [127.97138, 27.03984], [127.97122, 27.03872], [127.9685, 27.03606], [127.96734, 27.03707], [127.96472, 27.03486], [127.96315, 27.03147], [127.96374, 27.02943], [127.96557, 27.0285], [127.9669, 27.02933], [127.96672, 27.02532], [127.96353, 27.02193], [127.96146, 27.02206], [127.95877, 27.02121], [127.95589, 27.02242], [127.95174, 27.02159], [127.94758, 27.02027], [127.94453, 27.01865], [127.9452, 27.01799], [127.94342, 27.01615], [127.94261, 27.0167], [127.94126, 27.0135], [127.94055, 27.00839], [127.94044, 27.00517], [127.93709, 26.99822], [127.93584, 26.99496], [127.93458, 26.99489], [127.93257, 26.99821], [127.93453, 26.99794], [127.93678, 26.99974], [127.93773, 27.00246], [127.9378, 27.00731], [127.93411, 27.01077], [127.93243, 27.01414], [127.93223, 27.0193], [127.93333, 27.02233], [127.93765, 27.02528], [127.94121, 27.02855], [127.94579, 27.03349], [127.94705, 27.03547], [127.94689, 27.03724], [127.9493, 27.04181], [127.95072, 27.0434], [127.95059, 27.04454], [127.95442, 27.04594], [127.95997, 27.05022], [127.96282, 27.05287], [127.96848, 27.05894], [127.96835, 27.06002], [127.96975, 27.06269], [127.97247, 27.0649], [127.97321, 27.0663], [127.97522, 27.06662], [127.98226, 27.0705], [127.98732, 27.07476], [127.98916, 27.07725], [127.99055, 27.08092], [127.99371, 27.08364], [127.99605, 27.08925], [127.99752, 27.08873], [127.99951, 27.08917], [128.00403, 27.08918], [128.00637, 27.09035], [128.0088, 27.0902], [128.01456, 27.09262], [128.01563, 27.09234], [128.0188, 27.09388], [128.02018, 27.09517], [128.02075, 27.0945], [128.02206, 27.0933], [128.0219, 27.0902], [128.02035, 27.0894], [128.01837, 27.08978], [128.01585, 27.08902]]], [[[128.06192, 26.5194], [128.06051, 26.5193], [128.05965, 26.52048], [128.06192, 26.5194]]], [[[128.10009, 26.53265], [128.09861, 26.53184], [128.09646, 26.5333], [128.09711, 26.53406], [128.10009, 26.53265]]], [[[128.03227, 26.63693], [128.03147, 26.63444], [128.0303, 26.63544], [128.03139, 26.64228], [128.03261, 26.64258], [128.03538, 26.64098], [128.03534, 26.63887], [128.0337, 26.63653], [128.03227, 26.63693]]], [[[128.02892, 26.66077], [128.02956, 26.661], [128.0315, 26.65912], [128.0335, 26.65936], [128.03256, 26.65714], [128.03438, 26.65428], [128.03526, 26.65176], [128.03506, 26.65029], [128.03371, 26.64983], [128.03412, 26.64675], [128.03323, 26.64522], [128.03134, 26.64396], [128.03275, 26.64628], [128.03286, 26.64802], [128.03046, 26.65003], [128.028, 26.65034], [128.02268, 26.65312], [128.02146, 26.65295], [128.01739, 26.65579], [128.01653, 26.65701], [128.01473, 26.65748], [128.012, 26.65678], [128.00951, 26.65415], [128.01016, 26.65054], [128.00729, 26.65132], [128.0063, 26.65259], [128.00392, 26.65338], [128.0035, 26.65628], [127.99922, 26.65615], [127.99958, 26.65726], [127.99736, 26.65607], [127.99626, 26.65861], [127.99353, 26.6601], [127.99482, 26.6619], [127.99527, 26.66505], [127.99434, 26.66596], [127.99615, 26.66865], [127.99535, 26.67133], [127.99844, 26.671], [127.99957, 26.67356], [127.99888, 26.6753], [128.00019, 26.67457], [128.00222, 26.67508], [128.00299, 26.67653], [128.00374, 26.67418], [128.00608, 26.67574], [128.00854, 26.67513], [128.00855, 26.67711], [128.01016, 26.67926], [128.01698, 26.67841], [128.02011, 26.6796], [128.02012, 26.68051], [128.02115, 26.67989], [128.02127, 26.67312], [128.02288, 26.66859], [128.02686, 26.66272], [128.02892, 26.66077]]], [[[128.10126, 26.66525], [128.10042, 26.66649], [128.09734, 26.66715], [128.09886, 26.66772], [128.10144, 26.66998], [128.10399, 26.66778], [128.10575, 26.66753], [128.10413, 26.6668], [128.10376, 26.66452], [128.10126, 26.66525]]], [[[128.02259, 26.67134], [128.02245, 26.67313], [128.0242, 26.67364], [128.02497, 26.67291], [128.02259, 26.67134]]], [[[128.02787, 26.70893], [128.02681, 26.70874], [128.02737, 26.70296], [128.02728, 26.69999], [128.02505, 26.6983], [128.02412, 26.69576], [128.0219, 26.69441], [128.01992, 26.69399], [128.01987, 26.69569], [128.01832, 26.6963], [128.01598, 26.69615], [128.01376, 26.69718], [128.01299, 26.69866], [128.0111, 26.69969], [128.00895, 26.70428], [128.00836, 26.70866], [128.01088, 26.71265], [128.01253, 26.71405], [128.0146, 26.71361], [128.01665, 26.71446], [128.01839, 26.71437], [128.02072, 26.71285], [128.0275, 26.71051], [128.02787, 26.70893]]], [[[128.33208, 26.74784], [128.33469, 26.74745], [128.33488, 26.74505], [128.33127, 26.74659], [128.33046, 26.74763], [128.33208, 26.74784]]]]}}, {"type": "Feature", "properties": {"region": "中部", "prefecture": "沖縄県"}, "geometry": {"type": "MultiPolygon", "coordinates": [[[[127.77702, 26.23617], [127.77511, 26.23783], [127.77172, 26.23717], [127.76712, 26.23858], [127.76621, 26.24002], [127.76811, 26.24104], [127.76488, 26.24361], [127.76584, 26.24569], [127.76518, 26.24834], [127.76589, 26.25069], [127.76843, 26.25124], [127.76943, 26.25268], [127.76926, 26.25409], [127.76674, 26.25452], [127.76626, 26.25672], [127.76457, 26.25567], [127.76338, 26.25293], [127.76156, 26.2517], [127.76015, 26.25275], [127.75972, 26.25162], [127.75749, 26.24986], [127.75655, 26.2514], [127.7538, 26.25191], [127.75296, 26.25133], [127.75165, 26.25292], [127.74943, 26.25236], [127.74813, 26.25403], [127.74492, 26.25568], [127.74225, 26.25797], [127.73952, 26.25742], [127.73995, 26.25574], [127.73882, 26.2534], [127.73529, 26.25361], [127.73186, 26.25507], [127.73105, 26.25649], [127.73195, 26.25913], [127.72815, 26.26163], [127.72912, 26.26335], [127.73051, 26.26411], [127.72936, 26.26756], [127.7271, 26.26689], [127.72686, 26.26889], [127.72429, 26.27281], [127.7268, 26.27389], [127.72609, 26.27702], [127.72697, 26.27774], [127.72848, 26.27615], [127.73163, 26.27857], [127.73015, 26.28012], [127.73237, 26.28311], [127.73286, 26.28217], [127.73785, 26.28322], [127.73872, 26.281], [127.74106, 26.28129], [127.74073, 26.28353], [127.74311, 26.28477], [127.7441, 26.28742], [127.74746, 26.28967], [127.75046, 26.28997], [127.75258, 26.29184], [127.75138, 26.2935], [127.75284, 26.29579], [127.75612, 26.29409], [127.757, 26.29503], [127.75813, 26.30009], [127.75731, 26.30182], [127.75861, 26.30489], [127.75868, 26.30705], [127.7595, 26.30692], [127.76008, 26.30987], [127.75551, 26.31084], [127.75524, 26.31377], [127.754, 26.31402], [127.75384, 26.31679], [127.75289, 26.31836], [127.75365, 26.31935], [127.75311, 26.32093], [127.75505, 26.3219], [127.75368, 26.32412], [127.75198, 26.32316], [127.75265, 26.32207], [127.74948, 26.3204], [127.74813, 26.32192], [127.74608, 26.3228], [127.74521, 26.32675], [127.74275, 26.33098], [127.74283, 26.33437], [127.74528, 26.33486], [127.74492, 26.33626], [127.74723, 26.33972], [127.74586, 26.34263], [127.74583, 26.34526], [127.74428, 26.34865], [127.7452, 26.34873], [127.7452, 26.35138], [127.74262, 26.35264], [127.74315, 26.35077], [127.74137, 26.3503], [127.74014, 26.35706], [127.73928, 26.35799], [127.73835, 26.36187], [127.73726, 26.3634], [127.73797, 26.36415], [127.73589, 26.36657], [127.7335, 26.37152], [127.73135, 26.37474], [127.73015, 26.37978], [127.72901, 26.38191], [127.72727, 26.38273], [127.72702, 26.38501], [127.7262, 26.38483], [127.72504, 26.38772], [127.72309, 26.38693], [127.72399, 26.38816], [127.72384, 26.39011], [127.71819, 26.39973], [127.71656, 26.40183], [127.7153, 26.40904], [127.7134, 26.41122], [127.71462, 26.41184], [127.71467, 26.41422], [127.71385, 26.41463], [127.71375, 26.4204], [127.71424, 26.42143], [127.71423, 26.42501], [127.71538, 26.43], [127.71639, 26.4317], [127.71651, 26.43455], [127.71532, 26.43433], [127.7156, 26.43591], [127.71414, 26.43807], [127.71184, 26.4391], [127.71188, 26.44096], [127.71328, 26.44165], [127.71714, 26.4402], [127.72146, 26.4396], [127.72387, 26.44024], [127.72569, 26.43901], [127.72555, 26.4381], [127.72782, 26.43536], [127.72834, 26.43378], [127.73171, 26.42994], [127.73335, 26.42502], [127.73573, 26.42256], [127.73809, 26.42226], [127.74131, 26.42292], [127.74189, 26.4223], [127.74418, 26.42279], [127.74375, 26.42411], [127.74565, 26.42575], [127.75181, 26.43017], [127.75654, 26.43145], [127.75655, 26.43321], [127.75807, 26.43261], [127.76119, 26.43483], [127.76247, 26.43657], [127.76248, 26.43657], [127.76391, 26.43742], [127.76291, 26.43894], [127.76094, 26.43843], [127.76357, 26.44001], [127.76548, 26.438], [127.76891, 26.44339], [127.77079, 26.4444], [127.77119, 26.44596], [127.7737, 26.44212], [127.77661, 26.44019], [127.78031, 26.43943], [127.78209, 26.43746], [127.78235, 26.43576], [127.78603, 26.43492], [127.78745, 26.43611], [127.78976, 26.43601], [127.79037, 26.43696], [127.79339, 26.43743], [127.79575, 26.43622], [127.79914, 26.43754], [127.8015, 26.44005], [127.8014, 26.44102], [127.80342, 26.44307], [127.80385, 26.44473], [127.80155, 26.44439], [127.79993, 26.4453], [127.80258, 26.44507], [127.80318, 26.44701], [127.80219, 26.44908], [127.8009, 26.44999], [127.80371, 26.45481], [127.80532, 26.45424], [127.80743, 26.45522], [127.81071, 26.45801], [127.81149, 26.45986], [127.81034, 26.46098], [127.81264, 26.46332], [127.81436, 26.46277], [127.81857, 26.46475], [127.82114, 26.46727], [127.82507, 26.46738], [127.82713, 26.46842], [127.83109, 26.47144], [127.83314, 26.47559], [127.83534, 26.47902], [127.8405, 26.47823], [127.84474, 26.4805], [127.84579, 26.48249], [127.84535, 26.48674], [127.84423, 26.48923], [127.84307, 26.49018], [127.8431, 26.49198], [127.84175, 26.49298], [127.84024, 26.49536], [127.83889, 26.49632], [127.84098, 26.49657], [127.84249, 26.49832], [127.84157, 26.49918], [127.84334, 26.50018], [127.84392, 26.50389], [127.84553, 26.50464], [127.84645, 26.50403], [127.85056, 26.5054], [127.85565, 26.50011], [127.85736, 26.50051], [127.85725, 26.50229], [127.85906, 26.50394], [127.85858, 26.50759], [127.85673, 26.50777], [127.85673, 26.50898], [127.85848, 26.51003], [127.86103, 26.50498], [127.86241, 26.50465], [127.86407, 26.50686], [127.86585, 26.50767], [127.86734, 26.50992], [127.8716, 26.51082], [127.87182, 26.5123], [127.87326, 26.51116], [127.87313, 26.50943], [127.87573, 26.50756], [127.87968, 26.50662], [127.8803, 26.50397], [127.88441, 26.50262], [127.88767, 26.50346], [127.88981, 26.5048], [127.8918, 26.5096], [127.89079, 26.51104], [127.89514, 26.51353], [127.89601, 26.51244], [127.89861, 26.51294], [127.90091, 26.51472], [127.90339, 26.51513], [127.90455, 26.51681], [127.90862, 26.52009], [127.90895, 26.51847], [127.91058, 26.51679], [127.9125, 26.51636], [127.91534, 26.51658], [127.91667, 26.5159], [127.91939, 26.51768], [127.91972, 26.51956], [127.92095, 26.52099], [127.92147, 26.52331], [127.92149, 26.52878], [127.9252, 26.52723], [127.92752, 26.52848], [127.92926, 26.53145], [127.93074, 26.53117], [127.93146, 26.52968], [127.93378, 26.52891], [127.93474, 26.52613], [127.93594, 26.5255], [127.93767, 26.5226], [127.93748, 26.52073], [127.93633, 26.51917], [127.93722, 26.51645], [127.93963, 26.51339], [127.94097, 26.51019], [127.94397, 26.51165], [127.94693, 26.51109], [127.94797, 26.51222], [127.94988, 26.51229], [127.95374, 26.5109], [127.95681, 26.51234], [127.95925, 26.51411], [127.95842, 26.5173], [127.96027, 26.51862], [127.96241, 26.51857], [127.96373, 26.52107], [127.96656, 26.52316], [127.96882, 26.52336], [127.97101, 26.52263], [127.97354, 26.52289], [127.97369, 26.5279], [127.97476, 26.52957], [127.97599, 26.52822], [127.97853, 26.52761], [127.97866, 26.52517], [127.97707, 26.52398], [127.97747, 26.52251], [127.97938, 26.52072], [127.98373, 26.51894], [127.98928, 26.51778], [127.99215, 26.51847], [127.99377, 26.5153], [127.99538, 26.51578], [127.99703, 26.51417], [127.99649, 26.51128], [127.99766, 26.50969], [127.99639, 26.50927], [127.99157, 26.50426], [127.99378, 26.50259], [127.99396, 26.49968], [127.99615, 26.49691], [127.9977, 26.49697], [127.9979, 26.49586], [128.0009, 26.4943], [128.00067, 26.49102], [128.00241, 26.48936], [128.00218, 26.48528], [128.00064, 26.48276], [127.99862, 26.48127], [127.99554, 26.48094], [127.99439, 26.4802], [127.99167, 26.4815], [127.9897, 26.48072], [127.99001, 26.4792], [127.99243, 26.47894], [127.99057, 26.47682], [127.9912, 26.47595], [127.98835, 26.47435], [127.98621, 26.47406], [127.98031, 26.47135], [127.97776, 26.47184], [127.9744, 26.46955], [127.97397, 26.4699], [127.96938, 26.46882], [127.96732, 26.46775], [127.96538, 26.46822], [127.963, 26.47082], [127.96187, 26.47328], [127.96055, 26.47355], [127.95617, 26.47314], [127.9534, 26.47366], [127.95123, 26.47252], [127.95015, 26.4697], [127.95138, 26.46749], [127.95068, 26.46635], [127.94735, 26.46459], [127.94664, 26.46484], [127.9461, 26.46395], [127.94754, 26.45897], [127.94851, 26.45747], [127.95072, 26.45661], [127.94786, 26.45443], [127.94401, 26.45443], [127.94433, 26.4524], [127.94342, 26.45166], [127.94345, 26.44429], [127.94473, 26.4422], [127.94821, 26.44173], [127.94909, 26.44077], [127.94952, 26.43804], [127.94771, 26.43839], [127.94696, 26.43995], [127.9426, 26.44159], [127.94011, 26.44179], [127.93636, 26.44124], [127.93543, 26.44042], [127.93203, 26.43983], [127.92713, 26.43979], [127.92544, 26.44136], [127.92407, 26.43913], [127.91707, 26.44265], [127.91662, 26.44351], [127.9188, 26.44463], [127.91775, 26.44489], [127.9164, 26.44695], [127.9145, 26.44697], [127.9152, 26.44498], [127.91456, 26.44431], [127.91431, 26.44746], [127.91054, 26.44769], [127.91013, 26.4483], [127.90531, 26.44957], [127.90335, 26.44849], [127.89994, 26.44918], [127.89664, 26.45059], [127.89221, 26.45393], [127.89087, 26.4555], [127.88684, 26.45542], [127.88531, 26.45749], [127.88527, 26.45611], [127.88375, 26.45639], [127.87788, 26.45501], [127.877, 26.4544], [127.87436, 26.45473], [127.87134, 26.4576], [127.86994, 26.45767], [127.86391, 26.45601], [127.86048, 26.45409], [127.85739, 26.45185], [127.85614, 26.45229], [127.85389, 26.45137], [127.85072, 26.44859], [127.84862, 26.44551], [127.84842, 26.44266], [127.84629, 26.4405], [127.84468, 26.43974], [127.84295, 26.43724], [127.84164, 26.43531], [127.84063, 26.43356], [127.84382, 26.43167], [127.84039, 26.42701], [127.83382, 26.43077], [127.83071, 26.43213], [127.8305, 26.43032], [127.83261, 26.42928], [127.83351, 26.42591], [127.83204, 26.42885], [127.83004, 26.4291], [127.82991, 26.42691], [127.83143, 26.42597], [127.83028, 26.42415], [127.82796, 26.42493], [127.82671, 26.42281], [127.82881, 26.42089], [127.83033, 26.41859], [127.83294, 26.41786], [127.83817, 26.41835], [127.83948, 26.41667], [127.83898, 26.41562], [127.83659, 26.41502], [127.83826, 26.41059], [127.84081, 26.40627], [127.84191, 26.40538], [127.84297, 26.4062], [127.84492, 26.40533], [127.84769, 26.40225], [127.84915, 26.40291], [127.85321, 26.40009], [127.85677, 26.39876], [127.85829, 26.39762], [127.85998, 26.39748], [127.85935, 26.39643], [127.86274, 26.39235], [127.86402, 26.39253], [127.86667, 26.3892], [127.87203, 26.38767], [127.87876, 26.37856], [127.88045, 26.37848], [127.88123, 26.3764], [127.87453, 26.37375], [127.875, 26.3733], [127.87539, 26.36735], [127.87327, 26.36598], [127.87293, 26.36201], [127.87342, 26.35984], [127.87502, 26.35683], [127.8796, 26.35277], [127.88199, 26.34834], [127.88467, 26.346], [127.88671, 26.34233], [127.88802, 26.34085], [127.89359, 26.33799], [127.89431, 26.33645], [127.89686, 26.33413], [127.90015, 26.33225], [127.90625, 26.33154], [127.90806, 26.3319], [127.91485, 26.33182], [127.91474, 26.33143], [127.90867, 26.33148], [127.90573, 26.3308], [127.91221, 26.32579], [127.91409, 26.32264], [127.91552, 26.32195], [127.91594, 26.31955], [127.91823, 26.31869], [127.91779, 26.31659], [127.91992, 26.31142], [127.92223, 26.31181], [127.92315, 26.31062], [127.92045, 26.31007], [127.92298, 26.30639], [127.92126, 26.3059], [127.92185, 26.30248], [127.92356, 26.30208], [127.92253, 26.30002], [127.92135, 26.29487], [127.918, 26.29573], [127.91575, 26.29433], [127.91251, 26.29807], [127.91286, 26.29956], [127.90606, 26.30261], [127.90385, 26.29923], [127.90509, 26.30236], [127.90243, 26.30366], [127.90188, 26.30298], [127.89511, 26.30796], [127.89347, 26.30965], [127.88993, 26.31199], [127.88754, 26.3159], [127.88506, 26.31813], [127.88416, 26.31966], [127.88072, 26.32167], [127.87975, 26.32355], [127.87618, 26.32774], [127.87361, 26.32921], [127.8714, 26.33121], [127.87022, 26.33089], [127.86889, 26.33611], [127.86465, 26.34126], [127.864, 26.34315], [127.86263, 26.34446], [127.85464, 26.34161], [127.84928, 26.33729], [127.84665, 26.33625], [127.84514, 26.33639], [127.84256, 26.33462], [127.83788, 26.33103], [127.83602, 26.3286], [127.8347, 26.32595], [127.83597, 26.32538], [127.83482, 26.32278], [127.83631, 26.32182], [127.83717, 26.32329], [127.8402, 26.3221], [127.84052, 26.32086], [127.84209, 26.32004], [127.84646, 26.31974], [127.84789, 26.31709], [127.8475, 26.31439], [127.84654, 26.31372], [127.84539, 26.31505], [127.84418, 26.31428], [127.83947, 26.3141], [127.83716, 26.31464], [127.83366, 26.31289], [127.82927, 26.31318], [127.82854, 26.31081], [127.83116, 26.30943], [127.83327, 26.30555], [127.83629, 26.30742], [127.84161, 26.30756], [127.84409, 26.30528], [127.84426, 26.30398], [127.84671, 26.30397], [127.84708, 26.30219], [127.84631, 26.30075], [127.84318, 26.30161], [127.84033, 26.30146], [127.83853, 26.30079], [127.83821, 26.2996], [127.83358, 26.30447], [127.8311, 26.30938], [127.8285, 26.31074], [127.82793, 26.31018], [127.82876, 26.30766], [127.82797, 26.30588], [127.82873, 26.30413], [127.82733, 26.3032], [127.82269, 26.30305], [127.82017, 26.30483], [127.81623, 26.30515], [127.81428, 26.30174], [127.81278, 26.30105], [127.81117, 26.29838], [127.81452, 26.2984], [127.81294, 26.29753], [127.81321, 26.29482], [127.8106, 26.29483], [127.81075, 26.29321], [127.81238, 26.29124], [127.81442, 26.29008], [127.81597, 26.28853], [127.81692, 26.28343], [127.81619, 26.28044], [127.81494, 26.2788], [127.8162, 26.27737], [127.81145, 26.27365], [127.80944, 26.2752], [127.80709, 26.27341], [127.80324, 26.26939], [127.80048, 26.2687], [127.7981, 26.2658], [127.79702, 26.26099], [127.7935, 26.25538], [127.79329, 26.25233], [127.79207, 26.25213], [127.78952, 26.24854], [127.78857, 26.2408], [127.78933, 26.23914], [127.78865, 26.23617], [127.78929, 26.23597], [127.78818, 26.23251], [127.78751, 26.23192], [127.78235, 26.23422], [127.77948, 26.23628], [127.77738, 26.23693], [127.77702, 26.23617]]], [[[127.83725, 26.32943], [127.84066, 26.33288], [127.84316, 26.33436], [127.84879, 26.33638], [127.85521, 26.34151], [127.86161, 26.34372], [127.8649, 26.34058], [127.86838, 26.33601], [127.86993, 26.32994], [127.86634, 26.32732], [127.86177, 26.332], [127.8602, 26.33172], [127.8584, 26.33355], [127.85518, 26.33097], [127.85798, 26.32814], [127.85562, 26.32618], [127.85351, 26.32454], [127.84382, 26.32698], [127.84168, 26.32915], [127.83964, 26.32753], [127.83725, 26.32943]]], [[[127.83554, 26.48646], [127.8356, 26.48801], [127.83703, 26.48765], [127.83554, 26.48646]]], [[[127.83678, 26.49318], [127.83866, 26.49513], [127.83909, 26.49338], [127.83783, 26.49228], [127.8345, 26.49273], [127.83678, 26.49318]]], [[[127.93726, 26.26166], [127.93841, 26.26246], [127.94452, 26.26227], [127.94831, 26.25797], [127.94688, 26.25642], [127.94621, 26.25378], [127.94661, 26.2481], [127.94234, 26.24549], [127.94219, 26.2434], [127.94293, 26.24264], [127.94285, 26.24165], [127.94041, 26.24173], [127.93827, 26.24257], [127.93785, 26.24444], [127.93413, 26.24651], [127.93347, 26.24748], [127.93431068273092, 26.24869], [127.9352, 26.24997], [127.93775, 26.2515], [127.93847, 26.25299], [127.93865, 26.25894], [127.93726, 26.26166]]], [[[127.94638, 26.26348], [127.94786, 26.26514], [127.9475, 26.26289], [127.94638, 26.26348]]], [[[127.97875, 26.2921], [127.97913, 26.29221], [127.98125, 26.2903], [127.98149, 26.28754], [127.98, 26.28809], [127.97875, 26.2921]]], [[[127.99268, 26.29847], [127.98988, 26.29873], [127.98836, 26.30183], [127.99282, 26.30408], [127.99373, 26.30259], [127.99563, 26.30254], [127.99613, 26.3004], [127.99527, 26.30044], [127.99268, 26.29847]]], [[[127.9279, 26.31495], [127.92318, 26.31745], [127.92033, 26.31731], [127.91897, 26.31815], [127.91885, 26.32055], [127.91754, 26.32086], [127.91786, 26.32246], [127.921, 26.3233], [127.92357, 26.32338], [127.92465, 26.3244], [127.92461, 26.32235], [127.92696, 26.31972], [127.92811, 26.31763], [127.92844, 26.31674], [127.92997, 26.31548], [127.93013, 26.31361], [127.9301, 26.31246], [127.9279, 26.31495]]], [[[127.96429, 26.32412], [127.96614, 26.32402], [127.96729, 26.32184], [127.96574, 26.31864], [127.9634, 26.31731], [127.96239, 26.31762], [127.9605, 26.3161], [127.96027, 26.31327], [127.96115, 26.31167], [127.96002, 26.30929], [127.95877, 26.30873], [127.95855, 26.31007], [127.95546, 26.3111], [127.95506, 26.31303], [127.95246, 26.31509], [127.9528, 26.31672], [127.95188, 26.32065], [127.95052, 26.3221], [127.95137, 26.32461], [127.95044, 26.3271], [127.9516, 26.32761], [127.95386, 26.32702], [127.95509, 26.32873], [127.95269, 26.32912], [127.95711, 26.32893], [127.9576, 26.32777], [127.96311, 26.32509], [127.96429, 26.32412]]], [[[127.92779, 26.33216], [127.92942, 26.33282], [127.93018, 26.3319], [127.93258, 26.33211], [127.93649, 26.33378], [127.93927, 26.33582], [127.93943, 26.3353], [127.93408, 26.33205], [127.92996, 26.33103], [127.92488, 26.33143], [127.91746, 26.33144], [127.91758, 26.33189], [127.92779, 26.33216]]], [[[127.96894, 26.36273], [127.96958, 26.36556], [127.96909, 26.36798], [127.97257, 26.37195], [127.97327, 26.37607], [127.97833, 26.37946], [127.98108, 26.37893], [127.98383, 26.38], [127.98438, 26.38198], [127.9872, 26.38376], [127.98759, 26.38501], [127.98863, 26.38306], [127.98863, 26.38305], [127.99065, 26.37969], [127.99014, 26.3786], [127.98784, 26.37816], [127.98517, 26.37623], [127.98597, 26.37425], [127.99219, 26.37474], [127.99363, 26.36993], [127.9969, 26.36681], [127.99489, 26.36798], [127.99351, 26.36645], [127.99477, 26.3654], [127.99447, 26.36292], [127.99648, 26.36184], [127.99374, 26.36162], [127.99217, 26.35934], [127.9908, 26.35909], [127.98744, 26.35988], [127.98559, 26.35874], [127.98287, 26.35795], [127.98094, 26.3555], [127.97804, 26.35484], [127.97773, 26.35215], [127.97522, 26.35447], [127.97064, 26.35535], [127.96993332665848, 26.355904253601196], [127.97003, 26.35499], [127.97454, 26.35398], [127.97431, 26.35011], [127.96318, 26.34034], [127.96095, 26.33945], [127.95963, 26.33627], [127.95864, 26.33593], [127.95943, 26.33826], [127.95633, 26.33933], [127.95507, 26.33675], [127.9544, 26.33995], [127.94874, 26.33997], [127.94423, 26.33885], [127.94024, 26.33597], [127.93986, 26.33641], [127.94511, 26.34022], [127.9465, 26.34176], [127.94314, 26.34503], [127.9456, 26.34918], [127.94763, 26.34676], [127.94648, 26.34207], [127.94816, 26.34579], [127.94623, 26.35059], [127.94321, 26.35409], [127.9442, 26.35612], [127.94291, 26.3635], [127.94456, 26.35665], [127.94649, 26.35648], [127.95136, 26.35772], [127.95542, 26.35641], [127.9675, 26.3624], [127.96568, 26.36509], [127.96933, 26.36161], [127.96984000121743, 26.356786845629394], [127.97019, 26.3578], [127.96959, 26.36207], [127.96894, 26.36273]]], [[[127.99789, 26.39954], [128.00007, 26.40068], [128.00288, 26.39928], [128.0041, 26.39937], [128.00207, 26.39443], [128.00119, 26.39096], [127.99894, 26.38742], [127.99793, 26.38206], [127.99477, 26.38372], [127.99285, 26.38335], [127.99207, 26.38532], [127.99243, 26.38694], [127.99096, 26.38626], [127.99095, 26.38626], [127.99052, 26.3856], [127.98907, 26.38559], [127.98848, 26.38675], [127.99145, 26.38897], [127.98975, 26.39058], [127.98969, 26.39062], [127.98862, 26.39245], [127.99352, 26.39549], [127.99481, 26.39731], [127.99543, 26.39953], [127.99789, 26.39954]]], [[[127.86743, 26.51308], [127.86948, 26.51312], [127.86936, 26.5108], [127.86743, 26.51308]]]]}}, {"type": "Feature", "properties": {"region": "南部", "prefecture": "沖縄県"}, "geometry": {"type": "MultiPolygon", "coordinates": [[[[127.27327, 26.15508], [127.27195, 26.15641], [127.27433, 26.15774], [127.27436, 26.15681], [127.27327, 26.15508]]], [[[127.24229, 26.16383], [127.24203, 26.1623], [127.23968, 26.16282], [127.23602, 26.1645], [127.23327, 26.16287], [127.23204, 26.16316], [127.23373, 26.16465], [127.23326, 26.16665], [127.23198, 26.16821], [127.23397, 26.17028], [127.23272, 26.17592], [127.23454, 26.17643], [127.23745, 26.18022], [127.23589, 26.1815], [127.23677, 26.18281], [127.23775, 26.18064], [127.24152, 26.17837], [127.24424, 26.17541], [127.24195, 26.17327], [127.24106, 26.16486], [127.24229, 26.16383]]], [[[127.2766, 26.1865], [127.275, 26.18453], [127.27463, 26.18224], [127.27282, 26.18249], [127.27469, 26.1843], [127.2751, 26.18571], [127.2766, 26.1865]]], [[[127.29164, 26.19661], [127.29342, 26.19419], [127.29081, 26.19353], [127.28919, 26.19411], [127.28636, 26.19253], [127.28476, 26.19069], [127.28554, 26.18941], [127.27963, 26.18942], [127.2772, 26.18693], [127.27533, 26.18681], [127.27603, 26.19008], [127.2744, 26.19179], [127.27583, 26.19337], [127.27623, 26.19505], [127.27392, 26.19678], [127.27292, 26.19602], [127.27157, 26.19707], [127.26998, 26.19651], [127.27015, 26.19528], [127.26739, 26.19384], [127.26807, 26.19538], [127.26726, 26.197], [127.26538, 26.1961], [127.26592, 26.19994], [127.26939, 26.20224], [127.27051, 26.20645], [127.2719, 26.20737], [127.27127, 26.20829], [127.27461, 26.20842], [127.27731, 26.21], [127.27775, 26.21115], [127.27957, 26.2115], [127.28103, 26.21326], [127.28092, 26.21151], [127.28237, 26.20818], [127.28397, 26.20792], [127.2859, 26.20424], [127.28955, 26.19924], [127.29171, 26.19841], [127.29164, 26.19661]]], [[[127.24292, 26.20812], [127.23992, 26.21089], [127.23888, 26.21608], [127.24043, 26.21872], [127.23923, 26.21994], [127.24096, 26.22156], [127.2423, 26.22084], [127.24656, 26.22148], [127.24894, 26.22384], [127.24943, 26.22305], [127.25028, 26.22215], [127.24975, 26.21583], [127.2481, 26.21252], [127.2458, 26.21116], [127.24434, 26.20891], [127.24292, 26.20812]]], [[[127.28839, 26.21906], [127.28709, 26.21635], [127.28504, 26.21714], [127.28323, 26.21899], [127.28454, 26.22029], [127.28839, 26.21906]]], [[[127.2839, 26.22545], [127.28344, 26.22678], [127.28532, 26.22696], [127.2839, 26.22545]]], [[[126.81564, 26.29193], [126.81461, 26.29169], [126.81458, 26.29478], [126.81553, 26.29408], [126.81564, 26.29193]]], [[[126.85562, 26.33808], [126.85278, 26.33708], [126.85497, 26.33868], [126.85562, 26.33808]]], [[[126.82517, 26.33537], [126.82383, 26.33627], [126.82026, 26.33675], [126.82002, 26.33752], [126.82251, 26.33724], [126.82416, 26.34003], [126.82845, 26.34278], [126.83105, 26.34205], [126.83161, 26.33901], [126.83367, 26.33773], [126.83508, 26.336], [126.83086, 26.33643], [126.82517, 26.33537]]], [[[126.734, 26.33876], [126.73047, 26.34018], [126.7307, 26.34073], [126.73354, 26.33973], [126.734, 26.33876]]], [[[126.85911, 26.33939], [126.86425, 26.34093], [126.86563, 26.34003], [126.86217, 26.33923], [126.85911, 26.33939]]], [[[126.83679, 26.3367], [126.83675, 26.34097], [126.83788, 26.34368], [126.83894, 26.34365], [126.84053, 26.34331], [126.8426, 26.34138], [126.84237, 26.33841], [126.84291, 26.33737], [126.83953, 26.33754], [126.83679, 26.3367]]], [[[126.79267, 26.37587], [126.79491, 26.37356], [126.79617, 26.37034], [126.79774, 26.36862], [126.80051, 26.36797], [126.80443, 26.37046], [126.8069, 26.36886], [126.807, 26.36735], [126.80959, 26.36539], [126.8107, 26.36294], [126.80897, 26.36274], [126.80853, 26.36094], [126.81013, 26.36025], [126.81078, 26.35886], [126.81199, 26.36025], [126.81241, 26.35849], [126.81749, 26.3527], [126.81758, 26.351], [126.82148, 26.35117], [126.82303, 26.35019], [126.82246, 26.34877], [126.82391, 26.34638], [126.82527, 26.34722], [126.82618, 26.34603], [126.81737, 26.34068], [126.81666, 26.34124], [126.81417, 26.33928], [126.81404, 26.33767], [126.8156, 26.33722], [126.81492, 26.33912], [126.81618, 26.3388], [126.8162, 26.33629], [126.81554, 26.33529], [126.80974, 26.33146], [126.80754, 26.32889], [126.80621, 26.32651], [126.80541, 26.32383], [126.80704, 26.31999], [126.8059, 26.31516], [126.80615, 26.31254], [126.80397, 26.30726], [126.80817, 26.30322], [126.81014, 26.30254], [126.81045, 26.29775], [126.81356, 26.29363], [126.81245, 26.29171], [126.81027, 26.29094], [126.80759, 26.2915], [126.80507, 26.2929], [126.80124, 26.2927], [126.79841, 26.29493], [126.79795, 26.29606], [126.79548, 26.29749], [126.79355, 26.29978], [126.79201, 26.29984], [126.78863, 26.3018], [126.7874, 26.30152], [126.78401, 26.30423], [126.78102, 26.3047], [126.77882, 26.3063], [126.77683, 26.30858], [126.77579, 26.31198], [126.77615, 26.31437], [126.77091, 26.31868], [126.77055, 26.3205], [126.76792, 26.32239], [126.76901, 26.32285], [126.77003, 26.32637], [126.7682, 26.32933], [126.76594, 26.33118], [126.76476, 26.33075], [126.76175, 26.33416], [126.76343, 26.33442], [126.75904, 26.33762], [126.75753, 26.33697], [126.75521, 26.33859], [126.76016, 26.34142], [126.76022, 26.34228], [126.75815, 26.34213], [126.75742, 26.34097], [126.75324, 26.34088], [126.74903, 26.34452], [126.74617, 26.3458], [126.74211, 26.34619], [126.73871, 26.34726], [126.73059, 26.34793], [126.72726, 26.34922], [126.72479, 26.3486], [126.72601, 26.3482], [126.72753, 26.34605], [126.72836, 26.34699], [126.72994, 26.34663], [126.72823, 26.34475], [126.72572, 26.34774], [126.72211, 26.35068], [126.71732, 26.35327], [126.71486, 26.35597], [126.71404, 26.35967], [126.71314, 26.35969], [126.71071, 26.35408], [126.71243, 26.35152], [126.71613, 26.34852], [126.7225, 26.34529], [126.72554, 26.34315], [126.72998, 26.34123], [126.72776, 26.34131], [126.72446, 26.34326], [126.71826, 26.34631], [126.71305, 26.34965], [126.71156, 26.35239], [126.70928, 26.35431], [126.70953, 26.35571], [126.71206, 26.36163], [126.71121, 26.36309], [126.71164, 26.36456], [126.71353, 26.36503], [126.71143, 26.36558], [126.71123, 26.36711], [126.71028, 26.36576], [126.70908, 26.36089], [126.70781, 26.36098], [126.70933, 26.36707], [126.71097, 26.37008], [126.7128, 26.37222], [126.71721, 26.3746], [126.72012, 26.37429], [126.72525, 26.37437], [126.7305, 26.37514], [126.73501, 26.37633], [126.74021, 26.37833], [126.7461, 26.38233], [126.7524, 26.38558], [126.75448, 26.38721], [126.75652, 26.38697], [126.7589, 26.38921], [126.76071, 26.38872], [126.76279, 26.38946], [126.76522, 26.38946], [126.76587, 26.39021], [126.76901, 26.39044], [126.77097, 26.39131], [126.77315, 26.3908], [126.77613, 26.39134], [126.78, 26.39076], [126.78635, 26.38581], [126.78921, 26.3821], [126.78993, 26.38027], [126.79125, 26.3797], [126.79267, 26.37587]]], [[[126.83675, 26.34795], [126.83697, 26.34607], [126.83604, 26.34645], [126.83675, 26.34795]]], [[[126.88057, 26.34532], [126.8738, 26.34502], [126.87136, 26.34552], [126.87592, 26.34595], [126.88341, 26.34528], [126.88663, 26.34642], [126.88771, 26.34818], [126.89175, 26.35087], [126.89365, 26.35019], [126.89796, 26.35034], [126.89596, 26.34942], [126.89156, 26.34929], [126.88889, 26.34772], [126.88789, 26.34649], [126.88739, 26.3441], [126.88057, 26.34532]]], [[[126.89957, 26.35149], [126.90364, 26.35158], [126.89882, 26.35076], [126.89957, 26.35149]]], [[[127.14636, 26.37098], [127.1489, 26.36633], [127.14962, 26.36585], [127.14968, 26.36305], [127.15351, 26.36113], [127.1558, 26.36283], [127.15698, 26.36253], [127.15913, 26.36364], [127.16154, 26.36388], [127.16012, 26.3588], [127.15654, 26.35598], [127.15414, 26.35533], [127.15312, 26.35433], [127.15124, 26.35493], [127.14924, 26.35372], [127.14819, 26.35212], [127.14654, 26.35187], [127.14733, 26.34977], [127.14645, 26.34838], [127.14439, 26.34973], [127.14553, 26.35202], [127.14474, 26.35316], [127.14096, 26.35588], [127.14239, 26.35806], [127.14219, 26.3591], [127.13929, 26.36189], [127.13702, 26.36576], [127.13806, 26.36829], [127.13774, 26.36968], [127.14015, 26.37066], [127.1408, 26.37428], [127.13811, 26.3747], [127.13885, 26.37701], [127.14197, 26.37626], [127.1443, 26.37718], [127.14685, 26.38199], [127.15041, 26.38146], [127.15109, 26.37967], [127.15091, 26.37764], [127.1488, 26.37612], [127.14871, 26.37408], [127.14636, 26.37098]]], [[[127.10383, 26.38776], [127.10507, 26.38704], [127.10512, 26.38512], [127.10423, 26.38331], [127.1007, 26.38186], [127.10017, 26.38745], [127.10383, 26.38776]]], [[[127.24822, 26.58659], [127.2465, 26.58341], [127.24316, 26.57982], [127.24049, 26.57603], [127.23879, 26.5772], [127.2386, 26.57615], [127.23467, 26.57995], [127.2321, 26.57828], [127.23183, 26.57923], [127.22611, 26.57788], [127.21737, 26.57735], [127.21658, 26.57666], [127.2121, 26.57496], [127.20926, 26.57485], [127.20813, 26.57598], [127.20899, 26.57851], [127.21057, 26.58047], [127.20998, 26.58223], [127.21149, 26.58517], [127.21657, 26.59266], [127.22065, 26.59594], [127.2242, 26.59712], [127.22633, 26.60047], [127.23129, 26.60207], [127.23691, 26.60174], [127.24008, 26.60002], [127.24083, 26.5981], [127.24349, 26.59467], [127.2459, 26.59251], [127.24822, 26.58659]]], [[[126.83266, 26.59561], [126.82957, 26.59295], [126.83019, 26.59506], [126.83266, 26.59561]]], [[[127.3426, 26.14427], [127.34261, 26.14558], [127.34491, 26.1465], [127.346, 26.14496], [127.34327, 26.14076], [127.34392, 26.13938], [127.34208, 26.13842], [127.34021, 26.14024], [127.3426, 26.14427]]], [[[127.28925, 26.15559], [127.28862, 26.15685], [127.29082, 26.15766], [127.29069, 26.15576], [127.28925, 26.15559]]], [[[127.33859, 26.16294], [127.3372, 26.16364], [127.34057, 26.16429], [127.33961, 26.16337], [127.33961, 26.16136], [127.3372, 26.1589], [127.33762, 26.16022], [127.33644, 26.16081], [127.33859, 26.16294]]], [[[127.29519, 26.16462], [127.29322, 26.16283], [127.29228, 26.16067], [127.29107, 26.1607], [127.28971, 26.16297], [127.28947, 26.16601], [127.28781, 26.16638], [127.28948, 26.16962], [127.28951, 26.17112], [127.29202, 26.17301], [127.29221, 26.17491], [127.2931, 26.17506], [127.29622, 26.17251], [127.2963, 26.17023], [127.29712, 26.16865], [127.29669, 26.16711], [127.29549, 26.16668], [127.29519, 26.16462]]], [[[127.29645, 26.17705], [127.29508, 26.17795], [127.29337, 26.17587], [127.29084, 26.17706], [127.28939, 26.17589], [127.28632, 26.17605], [127.28571, 26.17811], [127.28449, 26.1794], [127.28381, 26.18176], [127.28228, 26.18243], [127.28289, 26.18408], [127.28513, 26.18564], [127.28496, 26.18758], [127.28609, 26.18711], [127.28904, 26.18762], [127.29276, 26.18607], [127.29372, 26.18434], [127.29367, 26.18026], [127.29462, 26.17893], [127.29644, 26.17839], [127.29645, 26.17705]]], [[[127.36989, 26.21843], [127.37207, 26.21539], [127.37117, 26.21153], [127.37192, 26.20889], [127.37377, 26.20812], [127.37388, 26.20214], [127.36969, 26.20129], [127.36807, 26.20022], [127.36841, 26.19734], [127.37059, 26.19793], [127.37134, 26.19455], [127.36984, 26.1933], [127.37148, 26.18912], [127.36926, 26.18968], [127.36437, 26.18455], [127.36045, 26.18317], [127.35843, 26.18056], [127.35973, 26.17941], [127.3597, 26.17512], [127.36162, 26.1719], [127.36068, 26.1719], [127.36118, 26.16823], [127.36218, 26.16703], [127.3617, 26.16434], [127.36285, 26.15787], [127.36424, 26.15714], [127.36169, 26.15567], [127.3604, 26.15624], [127.3583, 26.15575], [127.35723, 26.15729], [127.35411, 26.15687], [127.35183, 26.15562], [127.35085, 26.1542], [127.35051, 26.15182], [127.34928, 26.1504], [127.35039, 26.14868], [127.34902, 26.14741], [127.3489, 26.14583], [127.34571, 26.14636], [127.34665, 26.14835], [127.34556, 26.15092], [127.34408, 26.15099], [127.3456, 26.15273], [127.34477, 26.15418], [127.34638, 26.15604], [127.34589, 26.15778], [127.34677, 26.15892], [127.34495, 26.15978], [127.34492, 26.16159], [127.34593, 26.16219], [127.34827, 26.16705], [127.34721, 26.16899], [127.3456, 26.17017], [127.34227, 26.17033], [127.34099, 26.16955], [127.34206, 26.17328], [127.34124, 26.17855], [127.33888, 26.18263], [127.34115, 26.18516], [127.34368, 26.18343], [127.34594, 26.18409], [127.34753, 26.18535], [127.34802, 26.18775], [127.34702, 26.18796], [127.34482, 26.19031], [127.34595, 26.19371], [127.34472, 26.1951], [127.34586, 26.19567], [127.34544, 26.20178], [127.34916, 26.20492], [127.35007, 26.20758], [127.34831, 26.21102], [127.35092, 26.21245], [127.35179, 26.21456], [127.35506, 26.21696], [127.35449, 26.22146], [127.35271, 26.22289], [127.35282, 26.22546], [127.35545, 26.22501], [127.35717, 26.22647], [127.3576, 26.22522], [127.36228, 26.22438], [127.3666, 26.22226], [127.36794, 26.21995], [127.36989, 26.22018], [127.36989, 26.21843]]], [[[127.3759, 26.1999], [127.37804, 26.19988], [127.38028, 26.19908], [127.38024, 26.19803], [127.37797, 26.19677], [127.37617, 26.1978], [127.3759, 26.1999]]], [[[127.31711, 26.20464], [127.31739, 26.20349], [127.31418, 26.20021], [127.31339, 26.1977], [127.31114, 26.19823], [127.30954, 26.20046], [127.31035, 26.20198], [127.3104, 26.20467], [127.30955, 26.20701], [127.30983, 26.20886], [127.30848, 26.21091], [127.30897, 26.21298], [127.30861, 26.21637], [127.30936, 26.21576], [127.31057, 26.21526], [127.31052, 26.21282], [127.31113, 26.20866], [127.3132, 26.20689], [127.31511, 26.20643], [127.31711, 26.20464]]], [[[127.4469, 26.20478], [127.44658, 26.20235], [127.44418, 26.2005], [127.44327, 26.20131], [127.43968, 26.2], [127.43854, 26.20156], [127.43896, 26.2036], [127.44037, 26.20391], [127.44517, 26.2129], [127.4457, 26.21593], [127.44827, 26.22032], [127.44976, 26.22068], [127.45138, 26.22295], [127.45168, 26.22574], [127.45275, 26.22458], [127.45553, 26.22109], [127.45598, 26.2189], [127.45387, 26.21751], [127.45365, 26.21648], [127.44865, 26.21068], [127.4469, 26.20478]]], [[[127.29392, 26.21333], [127.29409, 26.21665], [127.29563, 26.21811], [127.29599, 26.21719], [127.29546, 26.213], [127.29392, 26.21333]]], [[[127.33485, 26.22507], [127.3324, 26.22681], [127.33468, 26.2275], [127.33563, 26.22629], [127.33485, 26.22507]]], [[[127.36837, 26.22533], [127.3689, 26.22347], [127.36719, 26.22395], [127.36825, 26.22823], [127.36776, 26.2303], [127.36614, 26.23184], [127.36699, 26.23411], [127.36889, 26.23685], [127.36995, 26.23615], [127.37081, 26.23223], [127.37303, 26.23022], [127.37213, 26.2277], [127.37035, 26.22582], [127.36837, 26.22533]]], [[[127.44903, 26.23196], [127.45005, 26.23386], [127.45141, 26.23432], [127.45236, 26.23403], [127.45186, 26.23035], [127.45288, 26.229], [127.45196, 26.227], [127.44946, 26.22987], [127.44903, 26.23196]]], [[[127.4541, 26.23384], [127.45248, 26.23473], [127.45317, 26.23615], [127.45509, 26.236], [127.4541, 26.23384]]], [[[127.31544, 26.24655], [127.31757, 26.24655], [127.31761, 26.24792], [127.31986, 26.24586], [127.32155, 26.24577], [127.32419, 26.24437], [127.32634, 26.24451], [127.32934, 26.24113], [127.33095, 26.24005], [127.33252, 26.24013], [127.33053, 26.23875], [127.32968, 26.237], [127.32747, 26.23553], [127.32903, 26.23247], [127.33307, 26.23299], [127.33318, 26.22852], [127.33226, 26.22819], [127.33108, 26.23021], [127.32746, 26.23205], [127.32434, 26.2319], [127.32094, 26.2297], [127.32036, 26.23038], [127.3217, 26.2317], [127.32136, 26.23403], [127.32243, 26.23488], [127.31976, 26.24011], [127.31621, 26.23997], [127.31095, 26.23736], [127.3113, 26.23497], [127.31292, 26.23453], [127.31298, 26.23203], [127.31429, 26.23181], [127.31357, 26.22975], [127.31423, 26.2274], [127.31562, 26.22661], [127.31408, 26.22523], [127.31185, 26.2258], [127.30956, 26.22442], [127.30841, 26.22295], [127.30859, 26.22128], [127.30757, 26.21855], [127.30367, 26.21945], [127.30395, 26.22109], [127.30208, 26.22373], [127.3036, 26.22624], [127.30037, 26.22776], [127.29921, 26.2249], [127.29797, 26.2257], [127.2957, 26.22357], [127.29396, 26.22474], [127.29377, 26.22606], [127.29157, 26.22708], [127.287, 26.22778], [127.28284, 26.22754], [127.28125, 26.23038], [127.28111, 26.23237], [127.2839, 26.23248], [127.28535, 26.23335], [127.28684, 26.23302], [127.28863, 26.23397], [127.28962, 26.23332], [127.29349, 26.23561], [127.29352, 26.23981], [127.29527, 26.24109], [127.29513, 26.24224], [127.29864, 26.24122], [127.30099, 26.23794], [127.30222, 26.23781], [127.30711, 26.24045], [127.3082, 26.24337], [127.30794, 26.24551], [127.30672, 26.24708], [127.30691, 26.24894], [127.30846, 26.24865], [127.31018, 26.25076], [127.31006, 26.25196], [127.31122, 26.25101], [127.31106, 26.2476], [127.31228, 26.2477], [127.31215, 26.24624], [127.31454, 26.24528], [127.31544, 26.24655]]], [[[127.45749, 26.24233], [127.45881, 26.24174], [127.45931, 26.23875], [127.45537, 26.23768], [127.45512, 26.23973], [127.45608, 26.24187], [127.45749, 26.24233]]], [[[127.56082, 26.25047], [127.56245, 26.24944], [127.55852, 26.25041], [127.56082, 26.25047]]], [[[127.40227, 26.25351], [127.40112, 26.25579], [127.40315, 26.2566], [127.40558, 26.25486], [127.40488, 26.25347], [127.40632, 26.25184], [127.40732, 26.24904], [127.40369, 26.2491], [127.40227, 26.25351]]], [[[127.5795, 26.26415], [127.57857, 26.2623], [127.5794, 26.26031], [127.57814, 26.25914], [127.57561, 26.2586], [127.57471, 26.25916], [127.57478, 26.26154], [127.57702, 26.2627], [127.5784, 26.26494], [127.5795, 26.26415]]], [[[127.58464, 26.26216], [127.58019, 26.26083], [127.57947, 26.26255], [127.58433, 26.26361], [127.58508, 26.26306], [127.58464, 26.26216]]], [[[127.54663, 26.267], [127.55421, 26.26559], [127.55383, 26.2639], [127.54571, 26.26543], [127.54297, 26.26393], [127.54114, 26.26448], [127.54121, 26.26633], [127.54663, 26.267]]], [[[131.18827, 24.46135], [131.18505, 24.46278], [131.18084, 24.47095], [131.18187, 24.47232], [131.18689, 24.47138], [131.19155, 24.47126], [131.19453, 24.47019], [131.19515, 24.46863], [131.19218, 24.46322], [131.18827, 24.46135]]], [[[131.26676, 25.86453], [131.26947, 25.86144], [131.27219, 25.85701], [131.27338, 25.85289], [131.27138, 25.84821], [131.2706, 25.84726], [131.26741, 25.83866], [131.26674, 25.83491], [131.26761, 25.83145], [131.26623, 25.82704], [131.26353, 25.82341], [131.25695, 25.8174], [131.25527, 25.8166], [131.25161, 25.81612], [131.24616, 25.81474], [131.24397, 25.8138], [131.23947, 25.81307], [131.23776, 25.81329], [131.23353, 25.81261], [131.23158, 25.8128], [131.22466, 25.81528], [131.2188, 25.81883], [131.21347, 25.82289], [131.21427, 25.82505], [131.21729, 25.83111], [131.21768, 25.83493], [131.21697, 25.84067], [131.21692, 25.84516], [131.21824, 25.85146], [131.22081, 25.85718], [131.22112, 25.85948], [131.21983, 25.86417], [131.22099, 25.86692], [131.22551, 25.87024], [131.22724, 25.86838], [131.23021, 25.86929], [131.22983, 25.86998], [131.227, 25.87003], [131.2302, 25.87101], [131.23555, 25.87213], [131.23882, 25.87179], [131.24073, 25.87242], [131.24957, 25.87185], [131.25173, 25.87204], [131.25614, 25.8712], [131.26275, 25.86864], [131.26521, 25.86691], [131.26676, 25.86453]]], [[[131.32317, 25.95596], [131.33087, 25.95319], [131.332, 25.95067], [131.33008, 25.94735], [131.32784, 25.94231], [131.32545, 25.93917], [131.3238, 25.93532], [131.32315, 25.9319], [131.32208, 25.93063], [131.31854, 25.92897], [131.31129, 25.92801], [131.30535, 25.92841], [131.29947, 25.93019], [131.29548, 25.93267], [131.29703, 25.93324], [131.29529, 25.93419], [131.29468, 25.93342], [131.2917, 25.93653], [131.28928, 25.93968], [131.28658, 25.94407], [131.28507, 25.94838], [131.2839, 25.95666], [131.28461, 25.96007], [131.2859, 25.961], [131.28844, 25.96045], [131.29274, 25.95872], [131.30622, 25.95558], [131.31205, 25.95557], [131.31932, 25.95638], [131.32317, 25.95596]]], [[[127.72649, 26.09492], [127.72673, 26.09372], [127.72558, 26.09089], [127.7241, 26.08997], [127.72098, 26.08991], [127.71447, 26.08728], [127.7116, 26.08809], [127.70883, 26.09018], [127.7066, 26.08995], [127.69931, 26.0873], [127.69682, 26.0868], [127.69471, 26.08537], [127.69039, 26.08349], [127.68491, 26.08023], [127.68114, 26.07522], [127.67716, 26.07447], [127.6747, 26.07769], [127.67334, 26.07847], [127.66883, 26.07863], [127.66676, 26.07918], [127.66407, 26.07996], [127.66189, 26.08154], [127.65883, 26.08066], [127.65655, 26.08434], [127.65682, 26.08679], [127.65791, 26.08862], [127.65647, 26.09126], [127.65846, 26.0919], [127.65899, 26.09415], [127.65895, 26.10257], [127.65982, 26.10545], [127.66099, 26.10636], [127.66123, 26.10892], [127.66384, 26.11193], [127.66445, 26.11459], [127.66046, 26.11562], [127.66152, 26.11642], [127.66228, 26.11879], [127.66164, 26.11969], [127.66331, 26.12048], [127.6679, 26.12152], [127.66861, 26.12204], [127.66276, 26.12066], [127.66241, 26.1212], [127.66479, 26.12409], [127.669, 26.1259], [127.66506, 26.12494], [127.66468, 26.12635], [127.66341, 26.12649], [127.66263, 26.13003], [127.66711, 26.13228], [127.6673, 26.12959], [127.66828, 26.12957], [127.66854, 26.1334], [127.66694, 26.13383], [127.66191, 26.13205], [127.66173, 26.13272], [127.65901, 26.13208], [127.65856, 26.13365], [127.66092, 26.1342], [127.66018, 26.13684], [127.65355, 26.13528], [127.6536, 26.13285], [127.65586, 26.12736], [127.6527, 26.12681], [127.65208, 26.129], [127.65048, 26.12872], [127.65143, 26.13083], [127.65023, 26.1322], [127.64985, 26.13438], [127.65077, 26.13533], [127.64796, 26.1453], [127.65729, 26.14747], [127.65941, 26.14925], [127.66499, 26.15049], [127.66479, 26.15127], [127.66927, 26.15216], [127.66592, 26.15727], [127.66409, 26.15896], [127.6619, 26.15997], [127.66032, 26.16208], [127.6592, 26.16146], [127.65517, 26.16212], [127.65076, 26.16114], [127.64872, 26.15903], [127.64955, 26.15452], [127.64811, 26.15303], [127.64771, 26.15528], [127.64664, 26.15537], [127.64715, 26.1576], [127.6458, 26.15963], [127.6485, 26.16029], [127.65389, 26.16333], [127.65358, 26.16536], [127.65074, 26.16448], [127.6494, 26.16625], [127.65361, 26.16616], [127.65265, 26.16693], [127.65234, 26.16914], [127.64855, 26.16902], [127.64828, 26.17392], [127.65304, 26.17419], [127.6558, 26.17303], [127.65375, 26.17503], [127.64992, 26.17513], [127.64593, 26.17478], [127.64266, 26.17339], [127.64003, 26.17535], [127.64087, 26.17742], [127.64298, 26.17668], [127.64383, 26.17742], [127.65324, 26.17643], [127.65525, 26.17667], [127.65634, 26.17787], [127.6602, 26.17905], [127.66134, 26.18084], [127.66448, 26.18294], [127.66581, 26.18186], [127.66735, 26.18329], [127.66893, 26.1819], [127.67085, 26.18216], [127.67256, 26.18332], [127.67364, 26.18507], [127.67943, 26.18758], [127.6818, 26.18955], [127.68082, 26.1908], [127.68208, 26.19646], [127.68324, 26.19843], [127.68796, 26.19519], [127.68974, 26.19435], [127.69296, 26.19433], [127.69659, 26.19606], [127.69932, 26.19553], [127.7011, 26.1943], [127.70388, 26.19132], [127.70774, 26.19032], [127.71007, 26.19189], [127.71318, 26.19511], [127.71318, 26.1959], [127.71641, 26.19625], [127.71823, 26.19582], [127.72161, 26.19843], [127.72279, 26.20319], [127.72249, 26.20436], [127.72262, 26.21005], [127.72527, 26.21247], [127.72583, 26.21223], [127.72748, 26.21509], [127.7319, 26.21667], [127.73356, 26.21817], [127.73593, 26.21781], [127.73621, 26.22467], [127.73319, 26.2265], [127.73568, 26.23012], [127.73812, 26.2316], [127.7386, 26.23374], [127.73836, 26.23634], [127.7351, 26.23613], [127.73423, 26.23511], [127.73281, 26.23728], [127.73009, 26.23566], [127.72729, 26.23468], [127.72586, 26.23344], [127.72034, 26.23362], [127.71667, 26.23329], [127.7153, 26.23392], [127.70869, 26.23339], [127.70635, 26.23461], [127.70404, 26.23349], [127.70337, 26.23484], [127.70158, 26.23509], [127.70093, 26.23712], [127.69781, 26.23675], [127.69605, 26.23977], [127.69076, 26.24107], [127.68882, 26.24232], [127.68508, 26.24258], [127.68367, 26.24541], [127.68533, 26.24613], [127.68532, 26.24839], [127.68371, 26.24839], [127.68366, 26.25579], [127.67835, 26.2558], [127.67834, 26.25679], [127.68667, 26.25683], [127.69087, 26.25513], [127.69234, 26.2573], [127.70021, 26.26569], [127.70077, 26.26535], [127.70418, 26.26738], [127.70525, 26.26894], [127.70661, 26.27313], [127.7084, 26.27386], [127.70876, 26.27273], [127.71083, 26.27112], [127.71236, 26.27299], [127.71263, 26.2745], [127.71564, 26.27483], [127.71953, 26.2746], [127.71991, 26.27018], [127.72346, 26.27148], [127.72429, 26.27281], [127.72686, 26.26889], [127.7271, 26.26689], [127.72936, 26.26756], [127.73051, 26.26411], [127.72912, 26.26335], [127.72815, 26.26163], [127.73195, 26.25913], [127.73105, 26.25649], [127.73186, 26.25507], [127.73529, 26.25361], [127.73882, 26.2534], [127.73995, 26.25574], [127.73952, 26.25742], [127.74225, 26.25797], [127.74492, 26.25568], [127.74813, 26.25403], [127.74943, 26.25236], [127.75165, 26.25292], [127.75296, 26.25133], [127.7538, 26.25191], [127.75655, 26.2514], [127.75749, 26.24986], [127.75972, 26.25162], [127.76015, 26.25275], [127.76156, 26.2517], [127.76338, 26.25293], [127.76457, 26.25567], [127.76626, 26.25672], [127.76674, 26.25452], [127.76926, 26.25409], [127.76943, 26.25268], [127.76843, 26.25124], [127.76589, 26.25069], [127.76518, 26.24834], [127.76584, 26.24569], [127.76488, 26.24361], [127.76811, 26.24104], [127.76621, 26.24002], [127.76712, 26.23858], [127.77172, 26.23717], [127.77511, 26.23783], [127.77702, 26.23617], [127.77738, 26.23693], [127.77948, 26.23628], [127.78235, 26.23422], [127.78751, 26.23192], [127.78677, 26.2317], [127.78995, 26.23], [127.78735, 26.22607], [127.78447, 26.22606], [127.78279, 26.2249], [127.7792, 26.2191], [127.77715, 26.21736], [127.77763, 26.21673], [127.77397, 26.2146], [127.77362, 26.21197], [127.77195, 26.21218], [127.76873, 26.21006], [127.77003, 26.20749], [127.77049, 26.206], [127.7672, 26.20749], [127.76568, 26.20475], [127.77097, 26.20236], [127.76968, 26.20139], [127.76503, 26.20268], [127.76084, 26.203], [127.76063, 26.20235], [127.765, 26.20189], [127.76934, 26.20017], [127.7691, 26.19802], [127.77073, 26.19252], [127.77385, 26.1912], [127.77429, 26.18953], [127.77607, 26.18862], [127.77811, 26.18728], [127.77917, 26.18213], [127.77711, 26.18249], [127.77609, 26.18015], [127.77836, 26.17903], [127.7772, 26.17832], [127.7795, 26.1758], [127.77781, 26.1725], [127.78025, 26.1726], [127.78544, 26.1719], [127.78725, 26.17062], [127.79052, 26.17125], [127.79096, 26.17447], [127.79192, 26.17551], [127.7908, 26.17611], [127.79119, 26.18109], [127.79425, 26.18345], [127.79367, 26.18419], [127.79502, 26.18559], [127.79777, 26.18691], [127.80266, 26.1882], [127.80476, 26.18819], [127.80804, 26.18972], [127.81568, 26.19074], [127.81389, 26.19155], [127.82096, 26.19166], [127.82122, 26.1899], [127.82249, 26.18852], [127.8213, 26.1822], [127.82297, 26.17994], [127.82731, 26.17923], [127.8278, 26.18013], [127.82962, 26.17741], [127.83113, 26.17628], [127.82978, 26.17498], [127.83076, 26.17356], [127.83013, 26.16926], [127.83113, 26.16677], [127.82907, 26.16536], [127.82713, 26.16661], [127.8245, 26.16492], [127.82156, 26.16049], [127.8182, 26.15738], [127.81525, 26.15671], [127.81312, 26.15531], [127.81183, 26.15528], [127.81066, 26.15327], [127.80823, 26.15148], [127.81033, 26.14875], [127.80855, 26.14764], [127.80666, 26.1494], [127.80558, 26.14794], [127.8028, 26.14682], [127.80019, 26.14336], [127.79851, 26.14263], [127.79835, 26.14137], [127.79556, 26.13748], [127.79294, 26.13497], [127.787, 26.13273], [127.78491, 26.13262], [127.78367, 26.13413], [127.78114, 26.13486], [127.77532, 26.13499], [127.77091, 26.13238], [127.76971, 26.13241], [127.76734, 26.13042], [127.76822, 26.1275], [127.76733, 26.12614], [127.76223, 26.12595], [127.76221, 26.12473], [127.75837, 26.12379], [127.75584, 26.11979], [127.7501, 26.11995], [127.74718, 26.11826], [127.74477, 26.11484], [127.74303, 26.11332], [127.74304, 26.11137], [127.73947, 26.1096], [127.73802, 26.10636], [127.73762, 26.10414], [127.73602, 26.10213], [127.73478, 26.10179], [127.73434, 26.09908], [127.73158, 26.09822], [127.72811, 26.09734], [127.72649, 26.09492]]], [[[127.77075, 26.12748], [127.76925, 26.12861], [127.77101, 26.13152], [127.77287, 26.13214], [127.77537, 26.13201], [127.77557, 26.13068], [127.77672, 26.13172], [127.77683, 26.12929], [127.77591, 26.12926], [127.77365, 26.12675], [127.77075, 26.12748]]], [[[127.80961, 26.14603], [127.81016, 26.14507], [127.80793, 26.14473], [127.80961, 26.14603]]], [[[127.65959, 26.15165], [127.64996, 26.15284], [127.65018, 26.1546], [127.64926, 26.1578], [127.65028, 26.15986], [127.65416, 26.16145], [127.65474, 26.16082], [127.65588, 26.15995], [127.66021, 26.16087], [127.66503, 26.15806], [127.66763, 26.15376], [127.66667, 26.15329], [127.65959, 26.15165]]], [[[127.89236, 26.15795], [127.88851, 26.15433], [127.88608, 26.15365], [127.88585, 26.15487], [127.88379, 26.15486], [127.88331, 26.15591], [127.88498, 26.15873], [127.88881, 26.1624], [127.89708, 26.16533], [127.89792, 26.1673], [127.90094, 26.16813], [127.90499, 26.16821], [127.90792, 26.1714], [127.90949, 26.17184], [127.91058, 26.17158], [127.9092, 26.16933], [127.90222, 26.1643], [127.89859, 26.1614], [127.89522, 26.1599], [127.89236, 26.15795]]], [[[127.6353, 26.17583], [127.63189, 26.1757], [127.63118, 26.17875], [127.63602, 26.17824], [127.6353, 26.17583]]], [[[127.68282, 26.24327], [127.681, 26.24391], [127.68127, 26.24477], [127.68282, 26.24327]]], [[[127.67989, 26.24431], [127.67668, 26.24549], [127.67863, 26.24593], [127.67989, 26.24431]]], [[[127.66863, 26.2461], [127.66893, 26.25063], [127.67755, 26.25062], [127.67494, 26.25038], [127.67497, 26.2461], [127.66863, 26.2461]]], [[[127.65414, 26.25758], [127.65406, 26.25778], [127.66938, 26.2625], [127.6679, 26.26184], [127.65414, 26.25758]]], [[[128.22942, 27.87616], [128.23276, 27.87377], [128.2336, 27.87215], [128.23305, 27.87111], [128.23386, 27.8688], [128.23457, 27.86881], [128.23641, 27.86641], [128.23514, 27.86366], [128.23571, 27.86277], [128.23412, 27.86035], [128.22859, 27.86362], [128.22631, 27.86431], [128.22289, 27.86712], [128.22293, 27.86884], [128.22126, 27.8735], [128.21833, 27.87636], [128.2175, 27.87779], [128.21795, 27.87966], [128.21956, 27.8815], [128.2196, 27.88276], [128.2216, 27.88526], [128.22271, 27.88528], [128.22525, 27.885], [128.22675, 27.88342], [128.22667, 27.88191], [128.22774, 27.88051], [128.22757, 27.87802], [128.22942, 27.87616]]]]}}, {"type": "Feature", "properties": {"region": "宮古", "prefecture": "沖縄県"}, "geometry": {"type": "MultiPolygon", "coordinates": [[[[124.72003, 24.67133], [124.72652, 24.66678], [124.72825, 24.66035], [124.72836, 24.65731], [124.72793, 24.65406], [124.72673, 24.65143], [124.72449, 24.64843], [124.72401, 24.64861], [124.72044, 24.64563], [124.72228, 24.64361], [124.72138, 24.64354], [124.71973, 24.64533], [124.71557, 24.64184], [124.70746, 24.63798], [124.69678, 24.63808], [124.69414, 24.6385], [124.6912, 24.6381], [124.69027, 24.63917], [124.68742, 24.63866], [124.68755, 24.63963], [124.6813, 24.64041], [124.67732, 24.64169], [124.67539, 24.6433], [124.67399, 24.64669], [124.67296, 24.64801], [124.67318, 24.64979], [124.67222, 24.6512], [124.67081, 24.65605], [124.67083, 24.66043], [124.6729, 24.66521], [124.67691, 24.669], [124.68021, 24.67115], [124.68323, 24.67389], [124.68961, 24.67486], [124.69227, 24.67594], [124.6969, 24.677], [124.70357, 24.67601], [124.70606, 24.67509], [124.70649, 24.67568], [124.70865, 24.67452], [124.71079, 24.67735], [124.7095, 24.67427], [124.71133, 24.67398], [124.72003, 24.67133]]], [[[125.25592, 24.72312], [125.25774, 24.72107], [125.25836, 24.71915], [125.25716, 24.71787], [125.25669, 24.71551], [125.25219, 24.71373], [125.24984, 24.71327], [125.24588, 24.71351], [125.24334, 24.71462], [125.24075, 24.7167], [125.23928, 24.71895], [125.23899, 24.72213], [125.24065, 24.73132], [125.24349, 24.73162], [125.24685, 24.73033], [125.25247, 24.72711], [125.25434, 24.72507], [125.25546, 24.72506], [125.25592, 24.72312]]], [[[124.70407, 24.75433], [124.70487, 24.75229], [124.70468, 24.75071], [124.70647, 24.74686], [124.70594, 24.74471], [124.70305, 24.74517], [124.69883, 24.74781], [124.69766, 24.74705], [124.69724, 24.74864], [124.69507, 24.74927], [124.68949, 24.75337], [124.68678, 24.75477], [124.68358, 24.75718], [124.68307, 24.75899], [124.68861, 24.76149], [124.69397, 24.76219], [124.695, 24.76192], [124.69776, 24.75897], [124.70108, 24.75453], [124.70407, 24.75433]]], [[[125.25875, 24.78042], [125.25995, 24.77774], [125.25819, 24.78029], [125.25875, 24.78042]]], [[[125.25956, 24.79617], [125.25741, 24.79576], [125.25746, 24.79772], [125.25632, 24.79775], [125.25639, 24.79926], [125.2576, 24.7996], [125.25653, 24.80352], [125.26006, 24.80251], [125.26168, 24.80259], [125.26597, 24.8041], [125.26299, 24.80293], [125.2639, 24.80093], [125.26336, 24.79967], [125.2628139719626, 24.800144182243013], [125.26387, 24.79886], [125.26694, 24.79943], [125.26618, 24.8001], [125.26768, 24.8016], [125.26789, 24.80357], [125.2694, 24.80238], [125.27206, 24.80323], [125.27253, 24.80436], [125.27509, 24.80663], [125.27271, 24.80814], [125.27439, 24.8098], [125.27632, 24.8105], [125.27846, 24.8087], [125.27917, 24.81008], [125.27684, 24.812], [125.2783, 24.81347], [125.27978, 24.81227], [125.28072, 24.81331], [125.2799, 24.8149], [125.28135, 24.81507], [125.27992, 24.81617], [125.27965, 24.821], [125.27862, 24.821], [125.27879, 24.82366], [125.28053, 24.82413], [125.28, 24.82743], [125.27919, 24.82785], [125.27871, 24.83012], [125.27684, 24.83327], [125.27714, 24.83683], [125.27824, 24.83835], [125.28083, 24.83974], [125.28075, 24.84045], [125.28307, 24.84167], [125.28501, 24.83936], [125.28686, 24.8407], [125.28579, 24.84139], [125.28664, 24.84293], [125.28791, 24.84318], [125.28954, 24.84111], [125.28968, 24.83886], [125.29203, 24.83746], [125.2941, 24.83843], [125.29373, 24.83651], [125.29631, 24.83646], [125.29666, 24.83734], [125.29492, 24.84122], [125.29309, 24.84245], [125.2945, 24.84243], [125.29639, 24.8454], [125.29631, 24.84727], [125.29531, 24.84956], [125.29257, 24.85193], [125.29232, 24.85309], [125.28941, 24.85749], [125.2875, 24.85838], [125.28556, 24.85807], [125.28435, 24.86182], [125.28477, 24.86413], [125.28383, 24.86646], [125.28171, 24.86807], [125.28083, 24.87042], [125.27918, 24.87109], [125.2778, 24.87317], [125.2786, 24.87603], [125.27589, 24.87756], [125.27499, 24.88022], [125.27304, 24.88011], [125.27226, 24.8837], [125.27058, 24.88744], [125.27171, 24.88847], [125.2718, 24.89126], [125.27117, 24.89323], [125.26904, 24.89549], [125.26453, 24.89806], [125.26417, 24.89988], [125.26263, 24.90199], [125.26118, 24.90289], [125.26163, 24.90418], [125.26066, 24.90595], [125.25725, 24.90778], [125.25752, 24.90885], [125.25598, 24.91003], [125.25777, 24.90975], [125.25943, 24.90851], [125.26203, 24.90457], [125.26456, 24.90264], [125.26813, 24.90258], [125.27055, 24.90542], [125.2704, 24.90758], [125.2687, 24.91242], [125.26913, 24.91262], [125.27109, 24.90869], [125.27111, 24.90623], [125.27211, 24.90217], [125.27724, 24.89826], [125.27808, 24.89655], [125.28215, 24.89354], [125.28299, 24.89197], [125.28253, 24.88993], [125.28441, 24.88379], [125.28506, 24.88263], [125.28753, 24.88157], [125.28844, 24.88051], [125.29092, 24.88003], [125.29396, 24.87773], [125.29643, 24.87709], [125.29829, 24.87881], [125.29855, 24.87603], [125.29966, 24.875], [125.29929, 24.8736], [125.30128, 24.8709], [125.303, 24.86707], [125.30495, 24.86495], [125.30612, 24.86131], [125.30511, 24.85496], [125.30576, 24.84981], [125.30804, 24.84806], [125.30922, 24.84584], [125.30908, 24.84373], [125.30997, 24.84197], [125.31193, 24.841], [125.31316, 24.83886], [125.31231, 24.83839], [125.3155, 24.83489], [125.31781, 24.83296], [125.32045, 24.83191], [125.32287, 24.8301], [125.32493, 24.83054], [125.32614, 24.8284], [125.32935, 24.82565], [125.33261, 24.82404], [125.33562, 24.82195], [125.33419, 24.81918], [125.33181, 24.8177], [125.33119, 24.81574], [125.33076, 24.8109], [125.33142, 24.80508], [125.33317, 24.80233], [125.33529, 24.80252], [125.33677, 24.79971], [125.3355, 24.79904], [125.33619, 24.79799], [125.33945, 24.79743], [125.34425, 24.79572], [125.34629, 24.79617], [125.34906, 24.79444], [125.35206, 24.79018], [125.35476, 24.7888], [125.35741, 24.78852], [125.36373, 24.78898], [125.36647, 24.79021], [125.36795, 24.79215], [125.36935, 24.7925], [125.37203, 24.79101], [125.3847, 24.78678], [125.3889, 24.78336], [125.38919, 24.78121], [125.39068, 24.77766], [125.39073, 24.77561], [125.39297, 24.77322], [125.39709, 24.77096], [125.39951, 24.76811], [125.4026, 24.7663], [125.40444, 24.76627], [125.40567, 24.76722], [125.40772, 24.76683], [125.41244, 24.76366], [125.41816, 24.76441], [125.41881, 24.76261], [125.42641, 24.76002], [125.42931, 24.76012], [125.4311, 24.76116], [125.43335, 24.761], [125.43663, 24.75782], [125.43956, 24.75587], [125.44172, 24.75244], [125.44295, 24.74663], [125.44495, 24.7457], [125.44665, 24.74227], [125.44843, 24.74098], [125.45374, 24.73551], [125.45447, 24.7329], [125.45803, 24.72954], [125.46154, 24.7247], [125.46426, 24.72397], [125.4693, 24.71918], [125.46842, 24.71862], [125.4662, 24.71938], [125.45831, 24.72631], [125.45669, 24.72901], [125.45467, 24.73061], [125.45155, 24.73034], [125.44994, 24.72932], [125.44959, 24.72558], [125.44626, 24.72508], [125.4449, 24.72549], [125.44227, 24.72849], [125.44072, 24.72943], [125.43831, 24.7296], [125.43713, 24.72817], [125.43343, 24.72949], [125.43095, 24.72949], [125.42963, 24.72831], [125.42491, 24.72635], [125.42309, 24.72756], [125.41907, 24.7276], [125.41855, 24.72832], [125.4123, 24.72898], [125.40914, 24.72858], [125.40632, 24.73009], [125.40366, 24.72883], [125.40112, 24.72972], [125.39588, 24.72926], [125.39455, 24.72851], [125.39237, 24.72926], [125.38534, 24.72723], [125.38279, 24.72496], [125.37842, 24.72552], [125.37752, 24.72515], [125.37371, 24.72781], [125.37294, 24.72871], [125.3704, 24.72941], [125.36864, 24.7286], [125.36799, 24.72709], [125.3633, 24.72595], [125.3616, 24.7245], [125.36025, 24.72526], [125.35643, 24.7244], [125.35869, 24.72325], [125.35487, 24.72265], [125.35471, 24.72196], [125.35095, 24.72197], [125.34931, 24.72084], [125.34747, 24.721], [125.34632, 24.7194], [125.34407, 24.72008], [125.34076, 24.71938], [125.34145, 24.71708], [125.337, 24.71895], [125.33372, 24.71851], [125.33128, 24.71962], [125.32622, 24.71923], [125.32572, 24.71788], [125.32341, 24.71692], [125.32313, 24.719], [125.31941, 24.71564], [125.3182, 24.71578], [125.31783, 24.71326], [125.31465, 24.71228], [125.31244, 24.71261], [125.30878, 24.71152], [125.30656, 24.71287], [125.30571, 24.71262], [125.30301, 24.71481], [125.30305, 24.71563], [125.30024, 24.71632], [125.29993, 24.71757], [125.29783, 24.71844], [125.29778, 24.71962], [125.29633, 24.72066], [125.2983, 24.72507], [125.29858, 24.72849], [125.29761, 24.73042], [125.29761, 24.73222], [125.29859, 24.73299], [125.29698, 24.7338], [125.29454, 24.73356], [125.29386, 24.73081], [125.29596, 24.72618], [125.29746, 24.72627], [125.29725, 24.72368], [125.29491, 24.71828], [125.29363, 24.7197], [125.29229, 24.71986], [125.28933, 24.7225], [125.28587, 24.72459], [125.28237, 24.72575], [125.28131, 24.7254], [125.27662, 24.72766], [125.27348, 24.72822], [125.27114, 24.72939], [125.26904, 24.73256], [125.26662, 24.73382], [125.26286, 24.73416], [125.26089, 24.73662], [125.26104, 24.73885], [125.25961, 24.74388], [125.25771, 24.74783], [125.25675, 24.74863], [125.25251, 24.75656], [125.25464, 24.75704], [125.25646, 24.7588], [125.25669, 24.76128], [125.25964, 24.76318], [125.26093, 24.76797], [125.26207, 24.76926], [125.26259, 24.76518], [125.26059, 24.76207], [125.26036, 24.75958], [125.2611, 24.75841], [125.26648, 24.75325], [125.26644, 24.75136], [125.26791, 24.75111], [125.27214, 24.75417], [125.27637, 24.75205], [125.2761, 24.75054], [125.27731, 24.74965], [125.28181, 24.75053], [125.28396, 24.75162], [125.28523, 24.75313], [125.28248, 24.75448], [125.28188, 24.75564], [125.2831, 24.75643], [125.28274, 24.75957], [125.28336, 24.76056], [125.28142, 24.76214], [125.2827, 24.76303], [125.28204, 24.7651], [125.27845, 24.76941], [125.27749, 24.77219], [125.27555, 24.77518], [125.27388, 24.77662], [125.27316, 24.77856], [125.27077, 24.77975], [125.268, 24.78398], [125.26626, 24.78254], [125.26315, 24.78417], [125.26199, 24.78253], [125.25937, 24.78408], [125.25664, 24.78863], [125.25666, 24.79226], [125.25605, 24.79466], [125.25684, 24.79565], [125.25969, 24.79581], [125.26089, 24.79717], [125.2621949228093, 24.800681777560346], [125.26146, 24.80132], [125.26145, 24.79904], [125.25956, 24.79617]]], [[[125.14679, 24.83472], [125.14794, 24.83269], [125.15593, 24.83156], [125.15616, 24.83363], [125.15816, 24.8323], [125.15914, 24.82984], [125.16207, 24.82796], [125.16231, 24.82665], [125.16497, 24.82425], [125.16563, 24.8223], [125.16824, 24.82099], [125.16878, 24.81846], [125.17032, 24.81785], [125.17198, 24.81586], [125.17548, 24.81396], [125.17726, 24.81125], [125.17495, 24.81041], [125.17421, 24.80686], [125.17311, 24.80551], [125.16847, 24.80302], [125.16528, 24.80304], [125.16233, 24.80223], [125.15788, 24.80376], [125.15498, 24.80538], [125.15058, 24.80569], [125.14974, 24.80729], [125.14751, 24.80645], [125.147, 24.80732], [125.14483, 24.80724], [125.14447, 24.80804], [125.14632, 24.80961], [125.14443, 24.80896], [125.1447, 24.81137], [125.14298, 24.81146], [125.14525, 24.81303], [125.14484, 24.81411], [125.14283, 24.81458], [125.14143, 24.81323], [125.14054, 24.81363], [125.1427, 24.81513], [125.1423, 24.81567], [125.14004, 24.81438], [125.13824, 24.81697], [125.14023, 24.81841], [125.13951, 24.81952], [125.1398, 24.82233], [125.13844, 24.82393], [125.1363, 24.82172], [125.1352, 24.82511], [125.13635, 24.82672], [125.13934, 24.82733], [125.13661, 24.82808], [125.13541, 24.82743], [125.13656, 24.82946], [125.13545, 24.83067], [125.13652, 24.83117], [125.13534, 24.83514], [125.13996, 24.83714], [125.13894, 24.83916], [125.13981, 24.84223], [125.14169, 24.84257], [125.14368, 24.84145], [125.1457, 24.83404], [125.14679, 24.83472]]], [[[125.21308, 24.84176], [125.21197, 24.84198], [125.21315, 24.83919], [125.21469, 24.83794], [125.21531, 24.8346], [125.217, 24.83078], [125.21918, 24.82809], [125.21994, 24.82543], [125.22115, 24.8238], [125.22132, 24.82059], [125.22059, 24.81706], [125.22151, 24.81401], [125.22011, 24.81067], [125.21649, 24.80685], [125.21413, 24.80671], [125.21122, 24.80562], [125.20576, 24.8049], [125.2054, 24.80397], [125.20185, 24.80547], [125.20117, 24.80319], [125.19899, 24.80545], [125.19508, 24.80556], [125.19483, 24.80623], [125.18612, 24.80993], [125.18413, 24.81144], [125.18237, 24.81189], [125.17752, 24.81178], [125.17571, 24.81509], [125.17309, 24.81667], [125.16936, 24.82011], [125.17025, 24.82019], [125.1674, 24.82209], [125.16849, 24.82277], [125.16313, 24.82633], [125.16099, 24.83007], [125.15907, 24.8306], [125.15931, 24.83182], [125.15805, 24.83439], [125.15659, 24.83387], [125.15529, 24.83708], [125.15892, 24.83899], [125.15985, 24.83994], [125.15822, 24.84468], [125.15928, 24.84767], [125.15796, 24.85146], [125.15555, 24.84933], [125.15564, 24.85121], [125.15777, 24.85198], [125.15663, 24.85671], [125.15859, 24.86015], [125.1584, 24.8612], [125.16024, 24.86202], [125.16011, 24.86292], [125.16264, 24.86412], [125.1632, 24.86556], [125.16382, 24.86416], [125.16482, 24.86528], [125.17185, 24.86325], [125.17473, 24.8617], [125.17889, 24.86157], [125.1812, 24.85967], [125.18523, 24.85729], [125.18928, 24.85446], [125.19872, 24.85094], [125.20145, 24.85053], [125.20575, 24.84714], [125.20721, 24.847], [125.20906, 24.8471], [125.21163, 24.84447], [125.21308, 24.84176]]], [[[125.30673, 24.91337], [125.30584, 24.91558], [125.30496, 24.91581], [125.306, 24.91785], [125.30558, 24.91926], [125.30683, 24.9198], [125.30966, 24.918], [125.31081, 24.91522], [125.30884, 24.91344], [125.30673, 24.91337]]], [[[125.24939, 24.93467], [125.25195, 24.93245], [125.25395, 24.9288], [125.25573, 24.92463], [125.25508, 24.92412], [125.25099, 24.92447], [125.24692, 24.92634], [125.24683, 24.92506], [125.24932, 24.92367], [125.24844, 24.92243], [125.24833, 24.9202], [125.2453, 24.92263], [125.24422, 24.92126], [125.24244, 24.92273], [125.24126, 24.9247], [125.23726, 24.92646], [125.23423, 24.9284], [125.23243, 24.93078], [125.23307, 24.93204], [125.23195, 24.93296], [125.23124, 24.93539], [125.2379, 24.93858], [125.2392, 24.93879], [125.24041, 24.93819], [125.24305, 24.9388], [125.24433, 24.93835], [125.24939, 24.93467]]]]}}, {"type": "Feature", "properties": {"region": "八重山", "prefecture": "沖縄県"}, "geometry": {"type": "MultiPolygon", "coordinates": [[[[123.80522, 24.06728], [123.80897, 24.06513], [123.81062, 24.06137], [123.81015, 24.05918], [123.80852, 24.05664], [123.80586, 24.05394], [123.80589, 24.05242], [123.8047, 24.04951], [123.80022, 24.0486], [123.79883, 24.04899], [123.79567, 24.04727], [123.79562, 24.046], [123.78828, 24.04562], [123.78471, 24.04593], [123.78196, 24.04782], [123.77636, 24.04722], [123.77547, 24.04672], [123.77248, 24.04758], [123.76842, 24.04795], [123.76792, 24.04749], [123.76499, 24.04858], [123.76044, 24.04851], [123.7572, 24.04942], [123.7551, 24.0507], [123.75308, 24.05311], [123.75282, 24.05491], [123.75364, 24.05786], [123.75474, 24.05865], [123.75361, 24.06181], [123.75443, 24.06292], [123.75965, 24.06357], [123.76348, 24.06493], [123.76681, 24.0676], [123.76965, 24.06814], [123.77657, 24.07141], [123.77945, 24.07117], [123.78712, 24.07175], [123.79049, 24.07151], [123.79519, 24.0705], [123.80004, 24.06876], [123.80522, 24.06728]]], [[[123.56112, 24.19241], [123.55675, 24.19197], [123.55526, 24.19245], [123.55798, 24.19296], [123.56086, 24.19423], [123.56096, 24.19569], [123.56438, 24.19639], [123.56475, 24.19586], [123.56947, 24.19639], [123.56902, 24.19533], [123.5632, 24.19409], [123.56112, 24.19241]]], [[[123.93232, 24.2089], [123.92955, 24.20915], [123.92564, 24.21121], [123.92314, 24.21347], [123.92202, 24.2165], [123.92079, 24.21723], [123.92404, 24.22009], [123.92615, 24.22117], [123.92921, 24.22048], [123.9345, 24.22139], [123.93478, 24.21918], [123.93662, 24.21732], [123.9366, 24.21438], [123.93594, 24.21196], [123.93232, 24.2089]]], [[[123.79233, 24.42713], [123.79557, 24.42555], [123.79976, 24.4224], [123.80059, 24.41981], [123.79957, 24.4196], [123.80114, 24.41562], [123.80505, 24.41314], [123.80969, 24.4116], [123.81187, 24.41126], [123.81397, 24.40662], [123.81246, 24.40688], [123.81189, 24.40512], [123.81041, 24.40419], [123.81034, 24.40136], [123.81104, 24.40025], [123.81686, 24.39881], [123.81484, 24.39892], [123.80967, 24.4001], [123.81063, 24.39822], [123.81422, 24.39431], [123.81654, 24.39304], [123.81585, 24.39043], [123.81966, 24.39212], [123.8214, 24.39167], [123.82246, 24.396], [123.82247, 24.39853], [123.82586, 24.39694], [123.82951, 24.39915], [123.82997, 24.40101], [123.82993, 24.40516], [123.83174, 24.40562], [123.83249, 24.40753], [123.83934, 24.40349], [123.84435, 24.40234], [123.84577, 24.40349], [123.84848, 24.40449], [123.85464, 24.40289], [123.85504, 24.39846], [123.86167, 24.3948], [123.86318, 24.39486], [123.86729, 24.39781], [123.86703, 24.39939], [123.86812, 24.40153], [123.86843, 24.40432], [123.87288, 24.404], [123.87434, 24.40301], [123.87951, 24.40105], [123.8813, 24.39993], [123.88077, 24.39825], [123.88138, 24.39449], [123.88081, 24.39264], [123.88234, 24.38862], [123.8857, 24.38632], [123.88721, 24.38385], [123.88985, 24.38484], [123.8914, 24.38752], [123.89475, 24.38682], [123.89515, 24.38557], [123.89737, 24.38433], [123.89973, 24.38379], [123.90284, 24.3856], [123.90607, 24.38462], [123.90857, 24.38262], [123.91695, 24.37843], [123.91844, 24.37455], [123.91826, 24.37168], [123.9215, 24.36858], [123.92227, 24.36662], [123.92785, 24.36568], [123.93851, 24.36562], [123.93962, 24.36504], [123.94062, 24.36048], [123.93814, 24.35863], [123.93787, 24.35447], [123.93593, 24.34919], [123.93073, 24.34659], [123.92796, 24.34457], [123.92678, 24.34265], [123.92662, 24.34063], [123.92838, 24.33781], [123.92671, 24.33378], [123.92728, 24.33166], [123.92871, 24.33035], [123.92972, 24.32805], [123.9295, 24.32665], [123.92788, 24.32787], [123.92505, 24.32636], [123.92492, 24.32271], [123.92822, 24.31984], [123.92827, 24.31602], [123.92606, 24.31579], [123.92588, 24.31714], [123.92298, 24.31813], [123.92171, 24.32136], [123.92043, 24.3219], [123.91802, 24.32453], [123.91596, 24.32429], [123.91546, 24.32617], [123.91417, 24.32536], [123.91171, 24.32546], [123.91065, 24.3223], [123.91269, 24.31999], [123.91035, 24.31947], [123.90885, 24.31789], [123.90789, 24.31513], [123.90618, 24.31305], [123.90721, 24.31236], [123.90445, 24.30944], [123.90214, 24.30833], [123.90122, 24.30592], [123.90202, 24.30412], [123.89977, 24.30216], [123.89911, 24.30068], [123.89965, 24.29871], [123.89897, 24.29799], [123.90107, 24.2967], [123.90198, 24.29531], [123.90214, 24.29112], [123.90347, 24.28842], [123.90308, 24.28572], [123.90351, 24.28378], [123.9027, 24.28309], [123.90299, 24.27937], [123.90449, 24.27525], [123.90278, 24.27407], [123.90074, 24.27382], [123.89848, 24.27495], [123.89757, 24.27694], [123.89633, 24.27782], [123.8914, 24.27875], [123.89023, 24.28061], [123.88633, 24.27984], [123.88512, 24.28068], [123.88101, 24.28042], [123.87938, 24.27893], [123.87902, 24.27608], [123.88337, 24.27553], [123.88386, 24.27457], [123.88276, 24.27325], [123.88293, 24.27147], [123.88424, 24.26982], [123.8819, 24.26583], [123.88099, 24.26594], [123.88251, 24.26102], [123.88058, 24.25624], [123.87811, 24.25539], [123.87406, 24.25517], [123.86954, 24.25607], [123.86447, 24.25574], [123.86255, 24.2563], [123.85164, 24.26213], [123.84961, 24.26437], [123.84478, 24.26761], [123.83887, 24.26986], [123.83571, 24.27137], [123.83264, 24.27216], [123.82959, 24.27218], [123.82322, 24.27157], [123.82029, 24.27051], [123.81726, 24.27025], [123.81148, 24.2711], [123.80917, 24.27037], [123.80484, 24.26973], [123.80189, 24.27128], [123.79973, 24.27159], [123.79466, 24.27369], [123.79369, 24.27354], [123.79103, 24.27494], [123.78628, 24.27544], [123.78423, 24.27632], [123.78129, 24.27642], [123.77811, 24.27469], [123.77614, 24.27462], [123.77349, 24.27623], [123.76695, 24.27718], [123.76338, 24.27832], [123.75494, 24.27963], [123.75261, 24.28085], [123.74935, 24.28406], [123.74413, 24.28688], [123.7436, 24.2876], [123.74044, 24.28843], [123.74091, 24.29046], [123.73695, 24.29423], [123.73306, 24.29629], [123.72473, 24.29899], [123.72374, 24.29962], [123.72153, 24.29933], [123.72075, 24.29818], [123.72162, 24.29652], [123.72021, 24.29199], [123.72005, 24.28966], [123.7217, 24.28745], [123.71967, 24.28268], [123.71903, 24.27833], [123.71499, 24.2776], [123.7063, 24.2784], [123.70263, 24.27954], [123.70129, 24.281], [123.69799, 24.28241], [123.6964, 24.28359], [123.69366, 24.28357], [123.69087, 24.28182], [123.68625, 24.28207], [123.68013, 24.28367], [123.67773, 24.28604], [123.67466, 24.28983], [123.67365, 24.29193], [123.66971, 24.29664], [123.66781, 24.30142], [123.66446, 24.30406], [123.66373, 24.30631], [123.66166, 24.3084], [123.66189, 24.30954], [123.66357, 24.31065], [123.66416, 24.3098], [123.66578, 24.31032], [123.67105, 24.31401], [123.67379, 24.31259], [123.67424, 24.31141], [123.67683, 24.31174], [123.67871, 24.31287], [123.68171, 24.30776], [123.68452, 24.30851], [123.68726, 24.31087], [123.68473, 24.31292], [123.68312, 24.31723], [123.684, 24.32028], [123.68305, 24.32202], [123.68019, 24.32182], [123.68062, 24.3253], [123.68314, 24.33085], [123.68657, 24.33272], [123.69192, 24.32841], [123.69596, 24.32686], [123.69844, 24.32674], [123.70074, 24.32581], [123.70235, 24.32372], [123.70248, 24.32181], [123.70351, 24.32109], [123.70472, 24.31818], [123.70376, 24.31811], [123.70257, 24.31496], [123.7033, 24.31315], [123.70443, 24.31492], [123.70794, 24.31511], [123.70858, 24.31368], [123.71024, 24.31487], [123.71147, 24.31795], [123.70974, 24.31823], [123.70821, 24.31966], [123.7086, 24.32369], [123.7064, 24.32689], [123.70596, 24.32986], [123.70429, 24.33254], [123.7028, 24.33347], [123.70181, 24.33557], [123.70193, 24.33703], [123.70071, 24.33984], [123.70124, 24.34537], [123.70022, 24.34632], [123.70049, 24.34794], [123.70361, 24.3493], [123.70612, 24.34791], [123.70376, 24.34528], [123.70567, 24.3426], [123.70602, 24.33993], [123.70951, 24.33744], [123.7113, 24.33353], [123.71086, 24.33154], [123.71269, 24.3307], [123.71551, 24.32795], [123.71395, 24.33213], [123.71485, 24.33474], [123.7171, 24.33482], [123.71947, 24.33664], [123.71999, 24.338], [123.72238, 24.33896], [123.72463, 24.34081], [123.72486, 24.34349], [123.72676, 24.3434], [123.7294, 24.34169], [123.72975, 24.33966], [123.72853, 24.3351], [123.72858, 24.33267], [123.72937, 24.33115], [123.7291, 24.32806], [123.73135, 24.33059], [123.73282, 24.33032], [123.7338, 24.3319], [123.73682, 24.3307], [123.73781, 24.32893], [123.73621, 24.32781], [123.73704, 24.32718], [123.73742, 24.3245], [123.73953, 24.3215], [123.74021, 24.31958], [123.73902, 24.31892], [123.73991, 24.31479], [123.74321, 24.32051], [123.74463, 24.3194], [123.74641, 24.31398], [123.74861, 24.31143], [123.75158, 24.31269], [123.75033, 24.31461], [123.74966, 24.31834], [123.74777, 24.32097], [123.74806, 24.32228], [123.74649, 24.3234], [123.74754, 24.32706], [123.74714, 24.32936], [123.74755, 24.33152], [123.7501, 24.33565], [123.75015, 24.33839], [123.74677, 24.34028], [123.74465, 24.34268], [123.74987, 24.349], [123.75053, 24.35028], [123.7535, 24.35323], [123.75203, 24.35774], [123.75314, 24.35828], [123.75096, 24.35992], [123.74654, 24.35931], [123.74523, 24.36059], [123.74605, 24.36208], [123.7436, 24.36562], [123.74298, 24.36737], [123.74351, 24.36924], [123.74504, 24.36872], [123.75019, 24.37113], [123.75283, 24.37397], [123.75299, 24.37698], [123.75054, 24.38042], [123.74859, 24.38155], [123.7474, 24.384], [123.74602, 24.3888], [123.7437, 24.38799], [123.74253, 24.38959], [123.74306, 24.39373], [123.74603, 24.39373], [123.74683, 24.39123], [123.74858, 24.39106], [123.753, 24.39192], [123.75389, 24.39377], [123.75387, 24.39775], [123.75108, 24.40153], [123.75136, 24.40343], [123.75318, 24.40507], [123.75845, 24.40819], [123.76078, 24.41122], [123.76115, 24.41436], [123.76436, 24.41552], [123.76742, 24.41716], [123.76807, 24.41645], [123.77273, 24.41761], [123.77427, 24.42232], [123.77376, 24.42467], [123.77244, 24.42663], [123.77013, 24.42824], [123.76788, 24.42827], [123.76672, 24.42554], [123.7656, 24.42505], [123.76451, 24.42673], [123.76403, 24.4297], [123.76465, 24.43165], [123.76595, 24.43282], [123.76575, 24.43398], [123.76951, 24.43668], [123.77272, 24.43723], [123.77583, 24.43628], [123.77798, 24.43697], [123.78199, 24.43732], [123.78343, 24.43752], [123.78333, 24.43628], [123.78515, 24.43411], [123.79233, 24.42713]]], [[[123.74161, 24.35549], [123.7438, 24.35412], [123.74443, 24.35152], [123.74351, 24.351], [123.74445, 24.34967], [123.74446, 24.34781], [123.74194, 24.34579], [123.74082, 24.34586], [123.73694, 24.34864], [123.73484, 24.34964], [123.73297, 24.35153], [123.7303, 24.35279], [123.72746, 24.35692], [123.72507, 24.35784], [123.72411, 24.35918], [123.7245, 24.36156], [123.72399, 24.36341], [123.72451, 24.3649], [123.72567, 24.36389], [123.72987, 24.363], [123.73089, 24.36545], [123.73344, 24.36446], [123.73125, 24.36301], [123.73174, 24.36121], [123.73577, 24.35891], [123.73944, 24.35834], [123.74124, 24.3573], [123.74161, 24.35549]]], [[[123.72379, 24.37661], [123.7222, 24.37563], [123.72044, 24.37271], [123.7196, 24.36789], [123.72097, 24.36569], [123.71956, 24.36638], [123.71856, 24.36516], [123.71397, 24.36895], [123.71159, 24.37051], [123.71109, 24.37397], [123.71285, 24.37697], [123.71467, 24.37799], [123.71586, 24.37768], [123.72408, 24.37951], [123.7251, 24.38012], [123.72743, 24.37893], [123.72872, 24.37751], [123.72867, 24.37582], [123.72659, 24.37678], [123.72379, 24.37661]]], [[[123.02833, 24.46698], [123.02911, 24.46729], [123.03121, 24.46581], [123.03352, 24.46526], [123.03572, 24.4639], [123.03855, 24.46293], [123.04199, 24.464], [123.04372, 24.46265], [123.04322, 24.46048], [123.03924, 24.45947], [123.03726, 24.45775], [123.03501, 24.45734], [123.03382, 24.45309], [123.02903, 24.45017], [123.02402, 24.44783], [123.02312, 24.44671], [123.02026, 24.44563], [123.0198, 24.44392], [123.01814, 24.44337], [123.01677, 24.4413], [123.01434, 24.44061], [123.01197, 24.43738], [123.01063, 24.43672], [123.00959, 24.43819], [123.00705, 24.43784], [123.00472, 24.44019], [123.00228, 24.44127], [122.99715, 24.43972], [122.99013, 24.44148], [122.9882, 24.4406], [122.98752, 24.4416], [122.98453, 24.44297], [122.98261, 24.4421], [122.98169, 24.44046], [122.98338, 24.43961], [122.98208, 24.43817], [122.97474, 24.43863], [122.97425, 24.44052], [122.97275, 24.44009], [122.9724, 24.43865], [122.97366, 24.43869], [122.97379, 24.43709], [122.96828, 24.43776], [122.96661, 24.43763], [122.96281, 24.44027], [122.96209, 24.43993], [122.95823, 24.44131], [122.95485, 24.442], [122.95202, 24.44104], [122.95079, 24.44265], [122.94807, 24.4443], [122.94417, 24.44386], [122.94009, 24.44417], [122.939, 24.44637], [122.93573, 24.44715], [122.9339, 24.44864], [122.93493, 24.45087], [122.93671, 24.4505], [122.93935, 24.44808], [122.94319, 24.45174], [122.9413, 24.45387], [122.93973, 24.45237], [122.93997, 24.45103], [122.93845, 24.45114], [122.93885, 24.45244], [122.94127, 24.45475], [122.94173, 24.45691], [122.943, 24.45804], [122.94759, 24.45913], [122.94924, 24.4603], [122.95061, 24.45978], [122.95419, 24.46085], [122.95511, 24.4625], [122.95441, 24.46436], [122.95577, 24.46731], [122.95866, 24.4694], [122.96147, 24.47211], [122.96431, 24.47221], [122.96772, 24.46971], [122.97048, 24.46942], [122.9708, 24.46796], [122.97342, 24.46842], [122.9744, 24.46731], [122.97582, 24.46803], [122.97968, 24.46851], [122.98928, 24.47083], [122.99088, 24.47204], [122.99493, 24.47321], [122.99911, 24.47], [123.00143, 24.47026], [123.00437, 24.47271], [123.005, 24.47426], [123.00657, 24.47437], [123.00748, 24.47335], [123.01256, 24.47374], [123.01586, 24.47162], [123.01609, 24.4709], [123.01998, 24.47113], [123.02487, 24.46914], [123.02833, 24.46698]]], [[[123.82537, 24.46882], [123.82445, 24.46799], [123.81975, 24.46791], [123.81709, 24.46892], [123.81407, 24.473], [123.81373, 24.47471], [123.81558, 24.47709], [123.81736, 24.47715], [123.82122, 24.47663], [123.82333, 24.47591], [123.82505, 24.47421], [123.82638, 24.47172], [123.82537, 24.46882]]], [[[122.99828, 24.475], [123.00128, 24.47262], [123.0033, 24.47253], [123.00128, 24.4713], [123.00034, 24.47323], [122.99828, 24.475]]], [[[123.54489, 25.72404], [123.54617, 25.72506], [123.55037, 25.72558], [123.55465, 25.72321], [123.55552, 25.72081], [123.55246, 25.72047], [123.54537, 25.72273], [123.54489, 25.72404]]], [[[123.54226, 25.72542], [123.54134, 25.72792], [123.53931, 25.73133], [123.53806, 25.73162], [123.54145, 25.7345], [123.54198, 25.732], [123.54392, 25.72941], [123.54565, 25.72867], [123.54476, 25.72626], [123.54226, 25.72542]]], [[[123.48774, 25.74844], [123.49099, 25.74663], [123.49326, 25.74428], [123.49317, 25.74236], [123.48936, 25.7407], [123.47974, 25.74057], [123.47724, 25.74129], [123.47441, 25.73977], [123.4735, 25.73804], [123.47143, 25.73832], [123.47025, 25.73713], [123.46429, 25.73463], [123.45953, 25.73522], [123.4587, 25.73645], [123.45782, 25.73997], [123.46053, 25.74438], [123.46646, 25.74866], [123.47293, 25.751], [123.47647, 25.7518], [123.47852, 25.7513], [123.48042, 25.75003], [123.48324, 25.74949], [123.48684, 25.74949], [123.48774, 25.74844]]], [[[123.68596, 25.91966], [123.68145, 25.91904], [123.67865, 25.92026], [123.67737, 25.92236], [123.67604, 25.92326], [123.6767, 25.92517], [123.67902, 25.9277], [123.68259, 25.92878], [123.68356, 25.92853], [123.68764, 25.92427], [123.68846, 25.92215], [123.68784, 25.92074], [123.68596, 25.91966]]], [[[123.95083, 24.2344], [123.94909, 24.23226], [123.94628, 24.23072], [123.94184, 24.22608], [123.93836, 24.22482], [123.93608, 24.22578], [123.93641, 24.22835], [123.93902, 24.23217], [123.93947, 24.23505], [123.94135, 24.23682], [123.94599, 24.23999], [123.94853, 24.24248], [123.95062, 24.24282], [123.95257, 24.242], [123.95466, 24.23902], [123.95446, 24.23752], [123.95083, 24.2344]]], [[[124.02428, 24.25004], [124.02569, 24.24944], [124.02869, 24.24541], [124.02987, 24.24193], [124.03025, 24.23783], [124.02915, 24.23324], [124.02696, 24.23034], [124.02451, 24.22936], [124.02412, 24.22843], [124.02033, 24.22556], [124.0138, 24.22146], [124.01065, 24.22059], [124.00776, 24.22035], [124.00412, 24.22137], [124.00075, 24.22497], [123.99848, 24.23039], [123.99609, 24.233], [123.99469, 24.23647], [123.99244, 24.23793], [123.9913, 24.24108], [123.99098, 24.24703], [123.99277, 24.25014], [123.99834, 24.25395], [124.00065, 24.25433], [124.00364, 24.25229], [124.00424, 24.25386], [124.00371, 24.25225], [124.01438, 24.24769], [124.01624, 24.24705], [124.02144, 24.24763], [124.02428, 24.25004]]], [[[124.09901, 24.32892], [124.10032, 24.32409], [124.10202, 24.32088], [124.09768, 24.31866], [124.09256, 24.31366], [124.08885, 24.31226], [124.08569, 24.31176], [124.08215, 24.31222], [124.08023, 24.31344], [124.07865, 24.31571], [124.07662, 24.32061], [124.07701, 24.3218], [124.076, 24.32529], [124.07819, 24.32592], [124.0792, 24.32802], [124.08059, 24.33606], [124.08454, 24.34015], [124.08687, 24.34049], [124.09237, 24.33642], [124.09292, 24.33685], [124.09531, 24.33442], [124.09551, 24.33321], [124.09901, 24.32892]]], [[[124.14743, 24.32836], [124.1416, 24.32743], [124.14067, 24.33233], [124.15329, 24.33452], [124.15655, 24.33309], [124.16041, 24.331], [124.15589, 24.33025], [124.15444, 24.32848], [124.14743, 24.32836]], [[124.15471, 24.32999], [124.15275, 24.33093], [124.15056, 24.33105], [124.147, 24.33059], [124.14741, 24.32848], [124.1544, 24.3286], [124.15471, 24.32999]]], [[[123.99361, 24.34704], [123.99118, 24.34391], [123.98942, 24.34384], [123.98967, 24.34092], [123.99223, 24.33779], [123.99494, 24.33613], [123.99786, 24.33504], [123.99954, 24.33499], [124.00184, 24.33339], [124.0037, 24.32948], [124.0035, 24.3273], [123.99666, 24.32535], [123.99364, 24.32351], [123.99143, 24.32357], [123.98883, 24.32466], [123.9883, 24.32595], [123.98844, 24.32892], [123.98746, 24.32989], [123.98361, 24.331], [123.97537, 24.3318], [123.97154, 24.33177], [123.97077, 24.33258], [123.96702, 24.33285], [123.96265, 24.33263], [123.96229, 24.33397], [123.96073, 24.3342], [123.95512, 24.33296], [123.95436, 24.33192], [123.95224, 24.3329], [123.95122, 24.33216], [123.95252, 24.33522], [123.95406, 24.33666], [123.95818, 24.33559], [123.96146, 24.33578], [123.9626, 24.33688], [123.96613, 24.33805], [123.96869, 24.33841], [123.96929, 24.33976], [123.96919, 24.34316], [123.96739, 24.34532], [123.96351, 24.3484], [123.96339, 24.34955], [123.96474, 24.35133], [123.96719, 24.35268], [123.96974, 24.35332], [123.97258, 24.35476], [123.97439, 24.3548], [123.97849, 24.35397], [123.98236, 24.35274], [123.98919, 24.34886], [123.99217, 24.34681], [123.99361, 24.34704]]], [[[123.93056, 24.34251], [123.93297, 24.34393], [123.93465, 24.34393], [123.93443, 24.34609], [123.93567, 24.34672], [123.93617, 24.34569], [123.9355, 24.34327], [123.93405, 24.34187], [123.93132, 24.34116], [123.93056, 24.34251]]], [[[123.99642, 24.36231], [123.99569, 24.36425], [123.99649, 24.36533], [123.99947, 24.36685], [124.00142, 24.36564], [124.0044, 24.36191], [124.00099, 24.36023], [123.99642, 24.36231]]], [[[123.94396, 24.36737], [123.9421, 24.365], [123.94148, 24.36565], [123.94305, 24.36846], [123.94396, 24.36737]]], [[[124.14897, 24.45419], [124.14744, 24.45682], [124.14615, 24.45768], [124.14725, 24.46132], [124.14844, 24.46213], [124.15203, 24.45812], [124.15269, 24.45543], [124.15043, 24.4537], [124.14808, 24.45095], [124.14897, 24.45419]]], [[[124.14636, 24.46257], [124.14654, 24.46518], [124.14746, 24.46318], [124.14636, 24.46257]]], [[[124.2206, 24.46872], [124.22054, 24.47092], [124.2224, 24.47402], [124.2243, 24.48176], [124.22679, 24.48569], [124.22876, 24.48737], [124.23057, 24.48715], [124.23101, 24.48913], [124.22961, 24.48957], [124.22979, 24.49283], [124.22929, 24.49359], [124.23045, 24.49514], [124.22918, 24.498], [124.22939, 24.49954], [124.2294, 24.49954], [124.22951, 24.49953], [124.23176, 24.49807], [124.23895, 24.49878], [124.24195, 24.50185], [124.24494, 24.50406], [124.24721, 24.50935], [124.24914, 24.51074], [124.2531, 24.5147], [124.25628, 24.51854], [124.25611, 24.51932], [124.2586, 24.51966], [124.25952, 24.51849], [124.2643, 24.51653], [124.2674, 24.51454], [124.26881, 24.51117], [124.27011, 24.51068], [124.27119, 24.50814], [124.27364, 24.50748], [124.27499, 24.50474], [124.27927, 24.50682], [124.27723, 24.5092], [124.2774, 24.51158], [124.27952, 24.51771], [124.28005, 24.52081], [124.28101, 24.5217], [124.28275, 24.52646], [124.28422, 24.52759], [124.28587, 24.53055], [124.28567, 24.53592], [124.28851, 24.53933], [124.29243, 24.53925], [124.29365, 24.53984], [124.29474, 24.54124], [124.29396, 24.54458], [124.29381, 24.5483], [124.29379, 24.54832], [124.29182, 24.55104], [124.29045, 24.55046], [124.28892, 24.55149], [124.28728, 24.55498], [124.28398, 24.55579], [124.28302, 24.55755], [124.28305, 24.5617], [124.28518, 24.56215], [124.28683, 24.56396], [124.29033, 24.56635], [124.29754, 24.57004], [124.29879, 24.57306], [124.30154, 24.57833], [124.30182, 24.58062], [124.30283, 24.58175], [124.30828, 24.58722], [124.30894, 24.58973], [124.3115, 24.59447], [124.31113, 24.60034], [124.31119, 24.60287], [124.31205, 24.61022], [124.31418, 24.61132], [124.31706, 24.61184], [124.31815, 24.61049], [124.31818, 24.61019], [124.31981, 24.60869], [124.32221, 24.60755], [124.32902, 24.60605], [124.33212, 24.6063], [124.33371, 24.60559], [124.33864, 24.60493], [124.33996, 24.60552], [124.33869, 24.6032], [124.33864, 24.60164], [124.33845, 24.59878], [124.33688, 24.59803], [124.33694, 24.59397], [124.33942, 24.58838], [124.34052, 24.58734], [124.33704, 24.58248], [124.33644, 24.58042], [124.33716, 24.57917], [124.33665, 24.57609], [124.33443, 24.5711], [124.3322, 24.57011], [124.32997, 24.56635], [124.32499, 24.56439], [124.32297, 24.56133], [124.32346, 24.56002], [124.32171, 24.55909], [124.31875, 24.55878], [124.31762, 24.55722], [124.31521, 24.55732], [124.31264, 24.55596], [124.31013, 24.55287], [124.30907, 24.55041], [124.30694, 24.54793], [124.30447, 24.5465], [124.30324, 24.54173], [124.30321, 24.53813], [124.30466, 24.5354], [124.30549, 24.53552], [124.30779, 24.53256], [124.30886, 24.53206], [124.3075, 24.52976], [124.30617, 24.52608], [124.3044, 24.52536], [124.30211, 24.52333], [124.29796, 24.51866], [124.2947, 24.51421], [124.2919, 24.51365], [124.28913, 24.51035], [124.2873, 24.50926], [124.28578, 24.50987], [124.2837, 24.50823], [124.28222, 24.50553], [124.28164, 24.50331], [124.28154, 24.49799], [124.28092, 24.49488], [124.28145, 24.49037], [124.28237, 24.48912], [124.28146, 24.48838], [124.27752, 24.48804], [124.27223, 24.48602], [124.2704, 24.48452], [124.27057, 24.48319], [124.26754, 24.48177], [124.2653, 24.48158], [124.26277, 24.47994], [124.26017, 24.47692], [124.25857, 24.47413], [124.25734, 24.4731], [124.25633, 24.47082], [124.25473, 24.46991], [124.25241, 24.46677], [124.25107, 24.46289], [124.25074, 24.45899], [124.25107, 24.45652], [124.25047, 24.45572], [124.25129, 24.45152], [124.25527, 24.44753], [124.2575, 24.44647], [124.25771, 24.4426], [124.25663, 24.44198], [124.25512, 24.43914], [124.25278, 24.43948], [124.25128, 24.4373], [124.24999, 24.43252], [124.24999, 24.43029], [124.2516, 24.42632], [124.25499, 24.42282], [124.25514, 24.42129], [124.25754, 24.41429], [124.25872, 24.41167], [124.25736, 24.41129], [124.25219, 24.39529], [124.25186, 24.39115], [124.25233, 24.38892], [124.252, 24.38263], [124.2531, 24.38258], [124.25369, 24.37936], [124.25279, 24.37508], [124.24991, 24.3677], [124.24958, 24.36265], [124.24997, 24.36117], [124.2494, 24.3586], [124.24602, 24.35491], [124.24258, 24.34942], [124.23965, 24.34682], [124.23603, 24.34506], [124.22898, 24.34558], [124.22097, 24.34941], [124.21824, 24.35198], [124.21783, 24.35436], [124.21511, 24.35531], [124.21109, 24.35506], [124.20917, 24.35556], [124.20552, 24.35464], [124.20282, 24.35469], [124.19918, 24.3528], [124.19971, 24.35056], [124.19837, 24.34837], [124.20154, 24.34596], [124.2016, 24.34403], [124.1974, 24.34128], [124.19236, 24.33478], [124.18962, 24.33404], [124.1845, 24.33156], [124.18117, 24.33052], [124.17801, 24.33046], [124.17128, 24.33108], [124.16977, 24.32988], [124.16782, 24.33078], [124.1664, 24.33017], [124.16478, 24.33095], [124.16534, 24.332], [124.16292, 24.33259], [124.16412, 24.33349], [124.1612, 24.33412], [124.1596, 24.33325], [124.15684, 24.33446], [124.15892, 24.3357], [124.15748, 24.33779], [124.15643, 24.33701], [124.15373, 24.33664], [124.15345, 24.33812], [124.14539, 24.33711], [124.14518, 24.33872], [124.14733, 24.33899], [124.14608, 24.34074], [124.14948, 24.34327], [124.14416, 24.34944], [124.14461, 24.35111], [124.13981, 24.3523], [124.13679, 24.35391], [124.13188, 24.35556], [124.12697, 24.35633], [124.12548, 24.35617], [124.12326, 24.35709], [124.11996, 24.35973], [124.11785, 24.36062], [124.11514, 24.36398], [124.11265, 24.3653], [124.11095, 24.36549], [124.11142, 24.36717], [124.1137, 24.37078], [124.11582, 24.37306], [124.11622, 24.37427], [124.12023, 24.37782], [124.12327, 24.37887], [124.12702, 24.37785], [124.13173, 24.38044], [124.13655, 24.3848], [124.13857, 24.38701], [124.14109, 24.39233], [124.14088, 24.39612], [124.13971, 24.4008], [124.1413, 24.40364], [124.1433, 24.40595], [124.14427, 24.41068], [124.14344, 24.41327], [124.14129, 24.41456], [124.137, 24.41441], [124.13394, 24.41567], [124.13402, 24.41928], [124.13175, 24.42252], [124.13023, 24.42309], [124.12862, 24.42507], [124.12421, 24.42837], [124.12483, 24.43101], [124.12358, 24.43301], [124.12074, 24.43445], [124.11581, 24.43438], [124.11436, 24.43349], [124.11458, 24.43151], [124.11209, 24.42994], [124.11153, 24.43216], [124.10755, 24.43351], [124.10234, 24.43329], [124.09925, 24.43171], [124.09806, 24.43022], [124.09377, 24.42788], [124.09261, 24.42631], [124.08803, 24.42351], [124.08746, 24.42177], [124.0856, 24.41993], [124.08556, 24.41789], [124.08567, 24.41741], [124.08531, 24.41646], [124.08415, 24.41656], [124.08213, 24.41994], [124.08119, 24.42038], [124.07924, 24.42401], [124.07719, 24.42612], [124.07245, 24.42693], [124.06993, 24.42881], [124.07004, 24.43096], [124.06912, 24.43123], [124.07202, 24.43396], [124.07135, 24.43508], [124.07223, 24.43849], [124.0752, 24.43932], [124.077, 24.44056], [124.07847, 24.44318], [124.07792, 24.44372], [124.07935, 24.44722], [124.08061, 24.44781], [124.08061, 24.44914], [124.07779, 24.44972], [124.07667, 24.45341], [124.07937, 24.45398], [124.08169, 24.4522], [124.08658, 24.45227], [124.08825, 24.45186], [124.09106, 24.45261], [124.091, 24.45321], [124.09374, 24.45395], [124.09814, 24.45294], [124.10022, 24.453], [124.10034, 24.45137], [124.10366, 24.44985], [124.10355, 24.44881], [124.10601, 24.44776], [124.10597, 24.44496], [124.11043, 24.44418], [124.11284, 24.44561], [124.11563, 24.44505], [124.11813, 24.4459], [124.12033, 24.44786], [124.11903, 24.45191], [124.11901, 24.44886], [124.11737, 24.44887], [124.1174, 24.45197], [124.11663, 24.45248], [124.11663, 24.45501], [124.11834, 24.45514], [124.11798, 24.4583], [124.11721, 24.45885], [124.11794, 24.4607], [124.11666, 24.46254], [124.11828, 24.46372], [124.1218, 24.46523], [124.12267, 24.46489], [124.12446, 24.46633], [124.12541, 24.46843], [124.12542, 24.47064], [124.1236, 24.47426], [124.12199, 24.47441], [124.12033, 24.47614], [124.11774, 24.47729], [124.11561, 24.47644], [124.11343, 24.47742], [124.11265, 24.47913], [124.11579, 24.482], [124.12042, 24.48176], [124.12577, 24.47833], [124.12909, 24.47711], [124.13202, 24.47657], [124.13401, 24.47542], [124.14036, 24.47064], [124.14174, 24.46818], [124.14324, 24.46686], [124.14303, 24.46534], [124.14414, 24.46293], [124.14284, 24.45994], [124.14172, 24.45954], [124.14094, 24.45734], [124.13932, 24.45649], [124.13921, 24.45322], [124.14123, 24.45158], [124.14074, 24.45006], [124.13658, 24.4499], [124.1345, 24.44828], [124.13491, 24.44666], [124.13853, 24.44315], [124.14054, 24.44233], [124.14182, 24.44295], [124.14231, 24.44521], [124.14373, 24.44695], [124.14667, 24.44855], [124.1464, 24.44904], [124.14961, 24.45051], [124.15018, 24.45232], [124.15245, 24.45468], [124.15482, 24.45422], [124.15785, 24.45282], [124.16243, 24.45217], [124.16443, 24.45105], [124.16971, 24.44949], [124.17249, 24.44978], [124.17443, 24.44866], [124.17463, 24.44959], [124.17885, 24.44874], [124.18166, 24.45061], [124.18372, 24.45139], [124.18596, 24.45423], [124.18827, 24.45609], [124.19333, 24.45772], [124.19629, 24.45762], [124.19913, 24.45675], [124.20088, 24.45687], [124.2026, 24.45814], [124.2062, 24.45773], [124.2069, 24.45677], [124.20896, 24.45622], [124.2088, 24.45534], [124.21084, 24.45504], [124.2121, 24.45575], [124.21687, 24.4558], [124.21731, 24.45429], [124.21889, 24.45424], [124.22262, 24.45523], [124.22504, 24.4575], [124.22637, 24.46039], [124.22634, 24.46042], [124.22573, 24.46079], [124.22634, 24.46518], [124.22485, 24.46793], [124.22316, 24.46768], [124.2206, 24.46872]]], [[[124.31689, 24.61735], [124.31804, 24.618], [124.31757, 24.61622], [124.31689, 24.61735]]], [[[124.55898, 25.9233], [124.56069, 25.92277], [124.5602, 25.9219], [124.55647, 25.9216], [124.55767, 25.92308], [124.55898, 25.9233]]]]}}]}